ticker_or_identifier,name,cik,form_type,filed_at,period_of_report,accession_no,primary_document,primary_doc_description,items,url
0001681348,VivoPower PLC,1681348,6-K,2026-05-21,2026-05-21,0001493152-26-024744,form6-k.htm,6-K,,https://www.sec.gov/Archives/edgar/data/1681348/000149315226024744/form6-k.htm
0001681348,VivoPower PLC,1681348,SCHEDULE 13G,2026-05-18,,0001493152-26-024113,xslSCHEDULE_13G_X02/primary_doc.xml,,,https://www.sec.gov/Archives/edgar/data/1681348/000149315226024113/xslSCHEDULE_13G_X02/primary_doc.xml
0001681348,VivoPower PLC,1681348,6-K/A,2026-04-28,2026-04-21,0001493152-26-019403,form6-ka.htm,6-K/A,,https://www.sec.gov/Archives/edgar/data/1681348/000149315226019403/form6-ka.htm
0001681348,VivoPower PLC,1681348,6-K,2026-04-23,2026-04-23,0001493152-26-018689,form6-k.htm,6-K,,https://www.sec.gov/Archives/edgar/data/1681348/000149315226018689/form6-k.htm
0001681348,VivoPower PLC,1681348,6-K,2026-04-21,2026-03-20,0001493152-26-018239,form6-k.htm,6-K,,https://www.sec.gov/Archives/edgar/data/1681348/000149315226018239/form6-k.htm
0001681348,VivoPower PLC,1681348,3,2026-04-08,2026-03-18,0001493152-26-015656,xslF345X06/ownership.xml,3,,https://www.sec.gov/Archives/edgar/data/1681348/000149315226015656/xslF345X06/ownership.xml
0001681348,VivoPower PLC,1681348,3,2026-03-27,2026-03-18,0001493152-26-013142,xslF345X06/ownership.xml,3,,https://www.sec.gov/Archives/edgar/data/1681348/000149315226013142/xslF345X06/ownership.xml
0001681348,VivoPower PLC,1681348,3,2026-03-25,2026-03-18,0001493152-26-012636,xslF345X06/ownership.xml,3,,https://www.sec.gov/Archives/edgar/data/1681348/000149315226012636/xslF345X06/ownership.xml
0001681348,VivoPower PLC,1681348,3,2026-03-25,2026-03-18,0001493152-26-012635,xslF345X06/ownership.xml,3,,https://www.sec.gov/Archives/edgar/data/1681348/000149315226012635/xslF345X06/ownership.xml
0001681348,VivoPower PLC,1681348,6-K,2026-03-20,2026-03-20,0001493152-26-011761,form6-k.htm,6-K,,https://www.sec.gov/Archives/edgar/data/1681348/000149315226011761/form6-k.htm
0001681348,VivoPower PLC,1681348,6-K,2026-03-18,2026-03-18,0001493152-26-010936,form6-k.htm,6-K,,https://www.sec.gov/Archives/edgar/data/1681348/000149315226010936/form6-k.htm
0001681348,VivoPower PLC,1681348,6-K,2026-03-16,2026-03-16,0001493152-26-010206,form6-k.htm,6-K,,https://www.sec.gov/Archives/edgar/data/1681348/000149315226010206/form6-k.htm
0001681348,VivoPower PLC,1681348,S-8,2026-03-13,,0001493152-26-010106,forms-8.htm,S-8,,https://www.sec.gov/Archives/edgar/data/1681348/000149315226010106/forms-8.htm
0001681348,VivoPower PLC,1681348,6-K,2026-03-10,2026-03-10,0001493152-26-009489,form6-k.htm,6-K,,https://www.sec.gov/Archives/edgar/data/1681348/000149315226009489/form6-k.htm
0001681348,VivoPower PLC,1681348,6-K,2026-02-19,2026-02-19,0001493152-26-007491,form6-k.htm,6-K,,https://www.sec.gov/Archives/edgar/data/1681348/000149315226007491/form6-k.htm
0001681348,VivoPower PLC,1681348,6-K,2026-02-13,2026-02-13,0001493152-26-006555,form6-k.htm,6-K,,https://www.sec.gov/Archives/edgar/data/1681348/000149315226006555/form6-k.htm
0001681348,VivoPower PLC,1681348,SCHEDULE 13G/A,2026-02-12,,0002026745-26-000001,xslSCHEDULE_13G_X01/primary_doc.xml,,,https://www.sec.gov/Archives/edgar/data/1681348/000202674526000001/xslSCHEDULE_13G_X01/primary_doc.xml
0001681348,VivoPower PLC,1681348,6-K,2026-02-05,2026-02-05,0001493152-26-005214,form6-k.htm,6-K,,https://www.sec.gov/Archives/edgar/data/1681348/000149315226005214/form6-k.htm
0001681348,VivoPower PLC,1681348,6-K,2026-02-02,2026-02-02,0001493152-26-004666,form6-k.htm,6-K,,https://www.sec.gov/Archives/edgar/data/1681348/000149315226004666/form6-k.htm
0001681348,VivoPower PLC,1681348,6-K,2026-01-30,2026-01-30,0001493152-26-004471,form6-k.htm,6-K,,https://www.sec.gov/Archives/edgar/data/1681348/000149315226004471/form6-k.htm
0001681348,VivoPower PLC,1681348,6-K,2026-01-29,2026-01-29,0001493152-26-004220,form6-k.htm,6-K,,https://www.sec.gov/Archives/edgar/data/1681348/000149315226004220/form6-k.htm
0001681348,VivoPower PLC,1681348,EFFECT,2026-01-21,,9999999995-26-000234,xslEFFECTX01/primary_doc.xml,,",,",https://www.sec.gov/Archives/edgar/data/1681348/999999999526000234/xslEFFECTX01/primary_doc.xml
0001681348,VivoPower PLC,1681348,6-K,2026-01-16,2026-01-16,0001493152-26-002497,form6-k.htm,6-K,,https://www.sec.gov/Archives/edgar/data/1681348/000149315226002497/form6-k.htm
0001681348,VivoPower PLC,1681348,6-K,2025-12-29,2025-12-29,0001493152-25-029445,form6-k.htm,6-K,,https://www.sec.gov/Archives/edgar/data/1681348/000149315225029445/form6-k.htm
0001681348,VivoPower PLC,1681348,425,2025-12-29,,0001493152-25-029444,form425.htm,425,,https://www.sec.gov/Archives/edgar/data/1681348/000149315225029444/form425.htm
0001681348,VivoPower PLC,1681348,F-3,2025-12-23,,0001493152-25-029110,formf-3.htm,F-3,,https://www.sec.gov/Archives/edgar/data/1681348/000149315225029110/formf-3.htm
0001681348,VivoPower PLC,1681348,424B5,2025-12-23,,0001493152-25-029092,form424b5.htm,424B5,,https://www.sec.gov/Archives/edgar/data/1681348/000149315225029092/form424b5.htm
0001681348,VivoPower PLC,1681348,6-K,2025-12-16,2025-12-16,0001493152-25-027908,form6-k.htm,6-K,,https://www.sec.gov/Archives/edgar/data/1681348/000149315225027908/form6-k.htm
0001681348,VivoPower PLC,1681348,6-K,2025-11-21,2025-11-21,0001493152-25-024699,form6-k.htm,6-K,,https://www.sec.gov/Archives/edgar/data/1681348/000149315225024699/form6-k.htm
0001681348,VivoPower PLC,1681348,SCHEDULE 13G/A,2025-11-10,,0002026745-25-000005,xslSCHEDULE_13G_X01/primary_doc.xml,,,https://www.sec.gov/Archives/edgar/data/1681348/000202674525000005/xslSCHEDULE_13G_X01/primary_doc.xml
0001681348,VivoPower PLC,1681348,20-F/A,2025-11-06,2025-06-30,0001493152-25-021108,form20-fa.htm,,,https://www.sec.gov/Archives/edgar/data/1681348/000149315225021108/form20-fa.htm
0001681348,VivoPower PLC,1681348,6-K,2025-11-06,2025-11-06,0001493152-25-021106,form6-k.htm,6-K,,https://www.sec.gov/Archives/edgar/data/1681348/000149315225021106/form6-k.htm
0001681348,VivoPower PLC,1681348,SCHEDULE 13G/A,2025-10-31,,0002042926-25-000024,xslSCHEDULE_13G_X01/primary_doc.xml,,,https://www.sec.gov/Archives/edgar/data/1681348/000204292625000024/xslSCHEDULE_13G_X01/primary_doc.xml
0001681348,VivoPower PLC,1681348,20-F,2025-10-30,2025-06-30,0001493152-25-020269,form20-f.htm,20-F,,https://www.sec.gov/Archives/edgar/data/1681348/000149315225020269/form20-f.htm
0001681348,VivoPower PLC,1681348,SCHEDULE 13G/A,2025-10-01,,0002042926-25-000021,xslSCHEDULE_13G_X01/primary_doc.xml,,,https://www.sec.gov/Archives/edgar/data/1681348/000204292625000021/xslSCHEDULE_13G_X01/primary_doc.xml
0001681348,VivoPower PLC,1681348,424B3,2025-09-26,,0001493152-25-015806,form424b3.htm,424B3,,https://www.sec.gov/Archives/edgar/data/1681348/000149315225015806/form424b3.htm
0001681348,VivoPower PLC,1681348,SCHEDULE 13G/A,2025-09-24,,0002026745-25-000004,xslSCHEDULE_13G_X01/primary_doc.xml,,,https://www.sec.gov/Archives/edgar/data/1681348/000202674525000004/xslSCHEDULE_13G_X01/primary_doc.xml
0001681348,VivoPower PLC,1681348,424B3,2025-09-05,,0001493152-25-012762,form424b3.htm,424B3,,https://www.sec.gov/Archives/edgar/data/1681348/000149315225012762/form424b3.htm
0001681348,VivoPower PLC,1681348,SCHEDULE 13G,2025-08-20,,0001493152-25-012184,xslSCHEDULE_13G_X01/primary_doc.xml,,,https://www.sec.gov/Archives/edgar/data/1681348/000149315225012184/xslSCHEDULE_13G_X01/primary_doc.xml
0001681348,VivoPower PLC,1681348,424B3,2025-08-15,,0001493152-25-012104,form424b3.htm,424B3,,https://www.sec.gov/Archives/edgar/data/1681348/000149315225012104/form424b3.htm
0001681348,VivoPower PLC,1681348,SCHEDULE 13G,2025-08-15,,0002026745-25-000003,xslSCHEDULE_13G_X01/primary_doc.xml,,,https://www.sec.gov/Archives/edgar/data/1681348/000202674525000003/xslSCHEDULE_13G_X01/primary_doc.xml
0001681348,VivoPower PLC,1681348,424B3,2025-07-25,,0001493152-25-011424,form424b3.htm,424B3,,https://www.sec.gov/Archives/edgar/data/1681348/000149315225011424/form424b3.htm
0001681348,VivoPower PLC,1681348,144,2025-07-21,,0000103623-25-000023,xsl144X01/primary_doc.xml,,,https://www.sec.gov/Archives/edgar/data/1681348/000010362325000023/xsl144X01/primary_doc.xml
0001681348,VivoPower PLC,1681348,144,2025-07-18,,0000103623-25-000022,xsl144X01/primary_doc.xml,,,https://www.sec.gov/Archives/edgar/data/1681348/000010362325000022/xsl144X01/primary_doc.xml
0001681348,VivoPower PLC,1681348,424B3,2025-07-03,,0001641172-25-017870,form424b3.htm,424B3,,https://www.sec.gov/Archives/edgar/data/1681348/000164117225017870/form424b3.htm
0001681348,VivoPower PLC,1681348,6-K,2025-07-01,2025-07-01,0001641172-25-017349,form6-k.htm,6-K,,https://www.sec.gov/Archives/edgar/data/1681348/000164117225017349/form6-k.htm
0001681348,VivoPower PLC,1681348,SCHEDULE 13G/A,2025-07-01,,0002042926-25-000015,xslSCHEDULE_13G_X01/primary_doc.xml,,,https://www.sec.gov/Archives/edgar/data/1681348/000204292625000015/xslSCHEDULE_13G_X01/primary_doc.xml
0001681348,VivoPower PLC,1681348,FWP,2025-06-26,,0001641172-25-016709,formfwp.htm,FWP,,https://www.sec.gov/Archives/edgar/data/1681348/000164117225016709/formfwp.htm
0001681348,VivoPower PLC,1681348,6-K,2025-06-26,2025-06-26,0001641172-25-016637,form6-k.htm,6-K,,https://www.sec.gov/Archives/edgar/data/1681348/000164117225016637/form6-k.htm
0001681348,VivoPower PLC,1681348,FWP,2025-06-24,,0001641172-25-016308,formfwp.htm,FWP,,https://www.sec.gov/Archives/edgar/data/1681348/000164117225016308/formfwp.htm
0001681348,VivoPower PLC,1681348,FWP,2025-06-16,,0001641172-25-015268,formfwp.htm,FWP,,https://www.sec.gov/Archives/edgar/data/1681348/000164117225015268/formfwp.htm
0001681348,VivoPower PLC,1681348,424B3,2025-06-13,,0001641172-25-015081,form424b3.htm,424B3,,https://www.sec.gov/Archives/edgar/data/1681348/000164117225015081/form424b3.htm
0001681348,VivoPower PLC,1681348,FWP,2025-06-04,,0001641172-25-013668,formfwp.htm,FWP,,https://www.sec.gov/Archives/edgar/data/1681348/000164117225013668/formfwp.htm
0001681348,VivoPower PLC,1681348,424B4,2025-05-29,,0001641172-25-012832,form424b4.htm,424B4,,https://www.sec.gov/Archives/edgar/data/1681348/000164117225012832/form424b4.htm
0001681348,VivoPower PLC,1681348,FWP,2025-05-28,,0001641172-25-012732,formfwp.htm,FWP,,https://www.sec.gov/Archives/edgar/data/1681348/000164117225012732/formfwp.htm
0001681348,VivoPower PLC,1681348,6-K,2025-05-28,2025-05-28,0001641172-25-012657,form6-k.htm,6-K,,https://www.sec.gov/Archives/edgar/data/1681348/000164117225012657/form6-k.htm
0001681348,VivoPower PLC,1681348,EFFECT,2025-05-27,,9999999995-25-001743,xslEFFECTX01/primary_doc.xml,,",,",https://www.sec.gov/Archives/edgar/data/1681348/999999999525001743/xslEFFECTX01/primary_doc.xml
0001681348,VivoPower PLC,1681348,CORRESP,2025-05-23,,0001641172-25-012214,filename1.htm,,,https://www.sec.gov/Archives/edgar/data/1681348/000164117225012214/filename1.htm
0001681348,VivoPower PLC,1681348,CORRESP,2025-05-23,,0001641172-25-012212,filename1.htm,,,https://www.sec.gov/Archives/edgar/data/1681348/000164117225012212/filename1.htm
0001681348,VivoPower PLC,1681348,SCHEDULE 13G/A,2025-05-08,,0002042926-25-000009,xslSCHEDULE_13G_X01/primary_doc.xml,,,https://www.sec.gov/Archives/edgar/data/1681348/000204292625000009/xslSCHEDULE_13G_X01/primary_doc.xml
0001681348,VivoPower PLC,1681348,CORRESP,2025-05-07,,0001641172-25-009122,filename1.htm,,,https://www.sec.gov/Archives/edgar/data/1681348/000164117225009122/filename1.htm
0001681348,VivoPower PLC,1681348,F-1,2025-05-07,,0001641172-25-009089,formf-1.htm,F-1,,https://www.sec.gov/Archives/edgar/data/1681348/000164117225009089/formf-1.htm
0001681348,VivoPower PLC,1681348,6-K,2025-04-14,2025-04-14,0001641172-25-004574,form6-k.htm,,,https://www.sec.gov/Archives/edgar/data/1681348/000164117225004574/form6-k.htm
0001681348,VivoPower PLC,1681348,6-K,2025-04-11,2025-04-11,0001641172-25-003759,form6-k.htm,,,https://www.sec.gov/Archives/edgar/data/1681348/000164117225003759/form6-k.htm
0001681348,VivoPower PLC,1681348,UPLOAD,2025-04-10,,0000000000-25-003845,filename1.pdf,,,https://www.sec.gov/Archives/edgar/data/1681348/000000000025003845/filename1.pdf
0001681348,VivoPower PLC,1681348,DRS,2025-03-27,,0001641172-25-000897,filename1.htm,,,https://www.sec.gov/Archives/edgar/data/1681348/000164117225000897/filename1.htm
0001681348,VivoPower PLC,1681348,6-K,2025-03-24,2025-03-24,0001641172-25-000244,form6-k.htm,,,https://www.sec.gov/Archives/edgar/data/1681348/000164117225000244/form6-k.htm
0001681348,VivoPower PLC,1681348,6-K,2025-03-07,2025-03-07,0001493152-25-009533,form6-k.htm,,,https://www.sec.gov/Archives/edgar/data/1681348/000149315225009533/form6-k.htm
0001681348,VivoPower PLC,1681348,6-K,2025-01-24,2025-01-24,0001493152-25-003649,form6-k.htm,,,https://www.sec.gov/Archives/edgar/data/1681348/000149315225003649/form6-k.htm
0001681348,VivoPower PLC,1681348,6-K,2025-01-13,2025-01-13,0001493152-25-001867,form6-k.htm,,,https://www.sec.gov/Archives/edgar/data/1681348/000149315225001867/form6-k.htm
0001681348,VivoPower PLC,1681348,6-K,2025-01-10,2025-01-10,0001493152-25-001799,form6-k.htm,,,https://www.sec.gov/Archives/edgar/data/1681348/000149315225001799/form6-k.htm
0001681348,VivoPower PLC,1681348,6-K,2025-01-02,2025-01-02,0001493152-25-000022,form6-k.htm,,,https://www.sec.gov/Archives/edgar/data/1681348/000149315225000022/form6-k.htm
0001681348,VivoPower PLC,1681348,6-K,2024-12-20,2024-12-20,0001493152-24-050888,form6-k.htm,,,https://www.sec.gov/Archives/edgar/data/1681348/000149315224050888/form6-k.htm
0001681348,VivoPower PLC,1681348,20-F,2024-12-19,2024-06-30,0001493152-24-050824,form20-f.htm,,,https://www.sec.gov/Archives/edgar/data/1681348/000149315224050824/form20-f.htm
0001681348,VivoPower PLC,1681348,6-K,2024-12-11,2024-12-11,0001493152-24-049562,form6-k.htm,,,https://www.sec.gov/Archives/edgar/data/1681348/000149315224049562/form6-k.htm
0001681348,VivoPower PLC,1681348,SCHEDULE 13G/A,2024-12-05,,0002042926-24-000005,xslSCHEDULE_13G_X01/primary_doc.xml,,,https://www.sec.gov/Archives/edgar/data/1681348/000204292624000005/xslSCHEDULE_13G_X01/primary_doc.xml
0001681348,VivoPower PLC,1681348,SCHEDULE 13G,2024-12-04,,0002042926-24-000004,xslSCHEDULE_13G_X01/primary_doc.xml,,,https://www.sec.gov/Archives/edgar/data/1681348/000204292624000004/xslSCHEDULE_13G_X01/primary_doc.xml
0001681348,VivoPower PLC,1681348,6-K,2024-11-18,2024-11-18,0001493152-24-046428,form6-k.htm,,,https://www.sec.gov/Archives/edgar/data/1681348/000149315224046428/form6-k.htm
0001681348,VivoPower PLC,1681348,6-K,2024-11-15,2024-11-15,0001493152-24-046359,form6-k.htm,,,https://www.sec.gov/Archives/edgar/data/1681348/000149315224046359/form6-k.htm
0001681348,VivoPower PLC,1681348,6-K,2024-11-14,2024-11-14,0001493152-24-045770,form6-k.htm,,,https://www.sec.gov/Archives/edgar/data/1681348/000149315224045770/form6-k.htm
0001681348,VivoPower PLC,1681348,NT 20-F,2024-11-01,2024-06-30,0001493152-24-043349,formnt20-f.htm,,,https://www.sec.gov/Archives/edgar/data/1681348/000149315224043349/formnt20-f.htm
0001681348,VivoPower PLC,1681348,SC 13G/A,2024-10-04,,0001477932-24-006207,vvpr_sc13ga.htm,SC 13G/A,,https://www.sec.gov/Archives/edgar/data/1681348/000147793224006207/vvpr_sc13ga.htm
0001681348,VivoPower PLC,1681348,6-K,2024-10-03,2024-10-03,0001493152-24-039312,form6-k.htm,,,https://www.sec.gov/Archives/edgar/data/1681348/000149315224039312/form6-k.htm
0001681348,VivoPower PLC,1681348,SC 13G/A,2024-09-30,,0001477932-24-006065,vvpr_sc13ga.htm,SC 13G/A,,https://www.sec.gov/Archives/edgar/data/1681348/000147793224006065/vvpr_sc13ga.htm
0001681348,VivoPower PLC,1681348,6-K,2024-09-30,2024-09-30,0001493152-24-038750,form6-k.htm,,,https://www.sec.gov/Archives/edgar/data/1681348/000149315224038750/form6-k.htm
0001681348,VivoPower PLC,1681348,424B3,2024-09-26,,0001493152-24-038252,form424b3.htm,,,https://www.sec.gov/Archives/edgar/data/1681348/000149315224038252/form424b3.htm
0001681348,VivoPower PLC,1681348,6-K/A,2024-09-26,2024-09-25,0001493152-24-038250,form6ka.htm,,,https://www.sec.gov/Archives/edgar/data/1681348/000149315224038250/form6ka.htm
0001681348,VivoPower PLC,1681348,424B3,2024-09-25,,0001493152-24-038123,form424b3.htm,,,https://www.sec.gov/Archives/edgar/data/1681348/000149315224038123/form424b3.htm
0001681348,VivoPower PLC,1681348,6-K,2024-09-25,2024-09-25,0001493152-24-038121,form6-k.htm,,,https://www.sec.gov/Archives/edgar/data/1681348/000149315224038121/form6-k.htm
0001681348,VivoPower PLC,1681348,6-K,2024-09-23,2024-09-17,0001493152-24-037854,form6-k.htm,,,https://www.sec.gov/Archives/edgar/data/1681348/000149315224037854/form6-k.htm
0001681348,VivoPower PLC,1681348,SC 13G/A,2024-09-20,,0001477932-24-005838,vvpr_sc13ga.htm,SC 13G/A,,https://www.sec.gov/Archives/edgar/data/1681348/000147793224005838/vvpr_sc13ga.htm
0001681348,VivoPower PLC,1681348,424B4,2024-09-19,,0001493152-24-037182,form424b4.htm,,,https://www.sec.gov/Archives/edgar/data/1681348/000149315224037182/form424b4.htm
0001681348,VivoPower PLC,1681348,424B3,2024-09-17,,0001493152-24-036540,form424b3.htm,,,https://www.sec.gov/Archives/edgar/data/1681348/000149315224036540/form424b3.htm
0001681348,VivoPower PLC,1681348,6-K,2024-09-17,2024-09-17,0001493152-24-036538,form6-k.htm,,,https://www.sec.gov/Archives/edgar/data/1681348/000149315224036538/form6-k.htm
0001681348,VivoPower PLC,1681348,424B3,2024-09-16,,0001493152-24-036311,form424b3.htm,,,https://www.sec.gov/Archives/edgar/data/1681348/000149315224036311/form424b3.htm
0001681348,VivoPower PLC,1681348,6-K,2024-09-16,2024-09-16,0001493152-24-036308,form6-k.htm,,,https://www.sec.gov/Archives/edgar/data/1681348/000149315224036308/form6-k.htm
0001681348,VivoPower PLC,1681348,425,2024-09-05,,0001493152-24-035159,form425.htm,,,https://www.sec.gov/Archives/edgar/data/1681348/000149315224035159/form425.htm
0001681348,VivoPower PLC,1681348,6-K,2024-09-05,2024-08-29,0001493152-24-035158,form6-k.htm,,,https://www.sec.gov/Archives/edgar/data/1681348/000149315224035158/form6-k.htm
0001681348,VivoPower PLC,1681348,424B3,2024-08-30,,0001493152-24-034626,form424b3.htm,,,https://www.sec.gov/Archives/edgar/data/1681348/000149315224034626/form424b3.htm
0001681348,VivoPower PLC,1681348,6-K,2024-08-30,2024-08-30,0001493152-24-034622,form6-k.htm,,,https://www.sec.gov/Archives/edgar/data/1681348/000149315224034622/form6-k.htm
0001681348,VivoPower PLC,1681348,EFFECT,2024-08-29,,9999999995-24-002683,xslEFFECTX01/primary_doc.xml,,"F-1,,2024-08-29 12:00:00",https://www.sec.gov/Archives/edgar/data/1681348/999999999524002683/xslEFFECTX01/primary_doc.xml
0001681348,VivoPower PLC,1681348,425,2024-08-29,,0001493152-24-034331,form425.htm,,,https://www.sec.gov/Archives/edgar/data/1681348/000149315224034331/form425.htm
0001681348,VivoPower PLC,1681348,6-K,2024-08-29,2024-08-29,0001493152-24-034307,form6-k.htm,,,https://www.sec.gov/Archives/edgar/data/1681348/000149315224034307/form6-k.htm
0001681348,VivoPower PLC,1681348,CORRESP,2024-08-28,,0001493152-24-034262,filename1.htm,,,https://www.sec.gov/Archives/edgar/data/1681348/000149315224034262/filename1.htm
0001681348,VivoPower PLC,1681348,CORRESP,2024-08-28,,0001493152-24-034261,filename1.htm,,,https://www.sec.gov/Archives/edgar/data/1681348/000149315224034261/filename1.htm
0001681348,VivoPower PLC,1681348,F-1/A,2024-08-28,,0001493152-24-034227,formf-1a.htm,,,https://www.sec.gov/Archives/edgar/data/1681348/000149315224034227/formf-1a.htm
0001681348,VivoPower PLC,1681348,F-1/A,2024-08-26,,0001493152-24-033906,formf-1a.htm,,,https://www.sec.gov/Archives/edgar/data/1681348/000149315224033906/formf-1a.htm
0001681348,VivoPower PLC,1681348,F-1/A,2024-08-16,,0001493152-24-032879,formf-1a.htm,,,https://www.sec.gov/Archives/edgar/data/1681348/000149315224032879/formf-1a.htm
0001681348,VivoPower PLC,1681348,UPLOAD,2024-08-07,,0000000000-24-009022,filename1.pdf,,,https://www.sec.gov/Archives/edgar/data/1681348/000000000024009022/filename1.pdf
0001681348,VivoPower PLC,1681348,S-8,2024-07-29,,0001493152-24-029440,forms-8.htm,,,https://www.sec.gov/Archives/edgar/data/1681348/000149315224029440/forms-8.htm
0001681348,VivoPower PLC,1681348,425,2024-07-29,,0001493152-24-029417,form425.htm,,,https://www.sec.gov/Archives/edgar/data/1681348/000149315224029417/form425.htm
0001681348,VivoPower PLC,1681348,6-K,2024-07-29,2024-07-29,0001493152-24-029415,form6-k.htm,,,https://www.sec.gov/Archives/edgar/data/1681348/000149315224029415/form6-k.htm
0001681348,VivoPower PLC,1681348,F-1,2024-07-26,,0001493152-24-029294,formf-1.htm,,,https://www.sec.gov/Archives/edgar/data/1681348/000149315224029294/formf-1.htm
0001681348,VivoPower PLC,1681348,SC 13G/A,2024-07-11,,0001477932-24-004161,vvpr_sc13ga.htm,SC 13G/A,,https://www.sec.gov/Archives/edgar/data/1681348/000147793224004161/vvpr_sc13ga.htm
0001681348,VivoPower PLC,1681348,6-K,2024-07-09,2024-07-09,0001493152-24-026638,form6-k.htm,,,https://www.sec.gov/Archives/edgar/data/1681348/000149315224026638/form6-k.htm
0001681348,VivoPower PLC,1681348,425,2024-07-03,,0001493152-24-026142,form425.htm,,,https://www.sec.gov/Archives/edgar/data/1681348/000149315224026142/form425.htm
0001681348,VivoPower PLC,1681348,425,2024-07-02,,0001493152-24-026045,form425.htm,,,https://www.sec.gov/Archives/edgar/data/1681348/000149315224026045/form425.htm
0001681348,VivoPower PLC,1681348,6-K,2024-07-02,2024-07-02,0001493152-24-026044,form6-k.htm,,,https://www.sec.gov/Archives/edgar/data/1681348/000149315224026044/form6-k.htm
0001681348,VivoPower PLC,1681348,6-K,2024-07-02,2024-07-02,0001493152-24-025919,form6-k.htm,,,https://www.sec.gov/Archives/edgar/data/1681348/000149315224025919/form6-k.htm
0001681348,VivoPower PLC,1681348,SC 13G/A,2024-07-02,,0001477932-24-004025,vvpr_sc13ga.htm,SC 13G/A,,https://www.sec.gov/Archives/edgar/data/1681348/000147793224004025/vvpr_sc13ga.htm
0001681348,VivoPower PLC,1681348,SC 13G/A,2024-06-21,,0001477932-24-003808,vvpr_sc13ga.htm,SC 13G/A,,https://www.sec.gov/Archives/edgar/data/1681348/000147793224003808/vvpr_sc13ga.htm
0001681348,VivoPower PLC,1681348,6-K,2024-06-18,2024-06-18,0001493152-24-024221,form6-k.htm,,,https://www.sec.gov/Archives/edgar/data/1681348/000149315224024221/form6-k.htm
0001681348,VivoPower PLC,1681348,144,2024-06-06,,0002000516-24-000003,xsl144X01/primary_doc.xml,,,https://www.sec.gov/Archives/edgar/data/1681348/000200051624000003/xsl144X01/primary_doc.xml
0001681348,VivoPower PLC,1681348,6-K,2024-06-05,2024-06-05,0001493152-24-022775,form6-k.htm,,,https://www.sec.gov/Archives/edgar/data/1681348/000149315224022775/form6-k.htm
0001681348,VivoPower PLC,1681348,6-K,2024-06-05,2024-06-05,0001493152-24-022657,form6-k.htm,,,https://www.sec.gov/Archives/edgar/data/1681348/000149315224022657/form6-k.htm
0001681348,VivoPower PLC,1681348,6-K,2024-06-04,2024-06-04,0001493152-24-022586,form6-k.htm,,,https://www.sec.gov/Archives/edgar/data/1681348/000149315224022586/form6-k.htm
0001681348,VivoPower PLC,1681348,6-K,2024-05-29,2024-05-29,0001437749-24-018542,vpip20240529_6k.htm,FORM 6-K,,https://www.sec.gov/Archives/edgar/data/1681348/000143774924018542/vpip20240529_6k.htm
0001681348,VivoPower PLC,1681348,144,2024-05-08,,0002000516-24-000002,xsl144X01/primary_doc.xml,,,https://www.sec.gov/Archives/edgar/data/1681348/000200051624000002/xsl144X01/primary_doc.xml
0001681348,VivoPower PLC,1681348,6-K,2024-05-06,2024-05-06,0001437749-24-014724,vpip20240506_6k.htm,FORM 6-K,,https://www.sec.gov/Archives/edgar/data/1681348/000143774924014724/vpip20240506_6k.htm
0001681348,VivoPower PLC,1681348,6-K,2024-04-29,2024-04-29,0001437749-24-013489,vpip20240417d_6k.htm,FORM 6-K,,https://www.sec.gov/Archives/edgar/data/1681348/000143774924013489/vpip20240417d_6k.htm
0001681348,VivoPower PLC,1681348,6-K,2024-04-26,2024-04-26,0001437749-24-013446,vpip20240426_6k.htm,FORM 6-K,,https://www.sec.gov/Archives/edgar/data/1681348/000143774924013446/vpip20240426_6k.htm
0001681348,VivoPower PLC,1681348,144,2024-04-18,,0002000516-24-000001,xsl144X01/primary_doc.xml,,,https://www.sec.gov/Archives/edgar/data/1681348/000200051624000001/xsl144X01/primary_doc.xml
0001681348,VivoPower PLC,1681348,4,2024-04-17,2024-04-12,0001437749-24-012262,xslF345X05/rdgdoc.xml,FORM 4,,https://www.sec.gov/Archives/edgar/data/1681348/000143774924012262/xslF345X05/rdgdoc.xml
0001681348,VivoPower PLC,1681348,6-K,2024-04-17,2024-04-17,0001437749-24-012246,vpip20240417_6k.htm,FORM 6-K,,https://www.sec.gov/Archives/edgar/data/1681348/000143774924012246/vpip20240417_6k.htm
0001681348,VivoPower PLC,1681348,144,2024-04-08,,0000103623-24-000049,xsl144X01/primary_doc.xml,,,https://www.sec.gov/Archives/edgar/data/1681348/000010362324000049/xsl144X01/primary_doc.xml
0001681348,VivoPower PLC,1681348,6-K,2024-04-08,2024-04-08,0001437749-24-011311,vpip20240408_6k.htm,FORM 6-K,,https://www.sec.gov/Archives/edgar/data/1681348/000143774924011311/vpip20240408_6k.htm
0001681348,VivoPower PLC,1681348,6-K,2024-04-05,2024-04-05,0001437749-24-011240,vpip20240402d_6k.htm,FORM 6-K,,https://www.sec.gov/Archives/edgar/data/1681348/000143774924011240/vpip20240402d_6k.htm
0001681348,VivoPower PLC,1681348,424B5,2024-04-05,,0001437749-24-011238,vpip20240404_424b5.htm,FORM 424B5,,https://www.sec.gov/Archives/edgar/data/1681348/000143774924011238/vpip20240404_424b5.htm
0001681348,VivoPower PLC,1681348,6-K,2024-04-05,2024-04-05,0001437749-24-011233,vpip20240402c_6k.htm,FORM 6-K,,https://www.sec.gov/Archives/edgar/data/1681348/000143774924011233/vpip20240402c_6k.htm
0001681348,VivoPower PLC,1681348,6-K,2024-04-03,2024-04-03,0001437749-24-010742,vpip20240403_6k.htm,FORM 6-K,,https://www.sec.gov/Archives/edgar/data/1681348/000143774924010742/vpip20240403_6k.htm
0001681348,VivoPower PLC,1681348,6-K,2024-04-02,2024-04-02,0001437749-24-010503,vpip20240402_6k.htm,FORM 6-K,,https://www.sec.gov/Archives/edgar/data/1681348/000143774924010503/vpip20240402_6k.htm
0001681348,VivoPower PLC,1681348,EFFECT,2024-03-27,,9999999995-24-000739,xslEFFECTX01/primary_doc.xml,,"F-3,,2024-03-27 16:00:00",https://www.sec.gov/Archives/edgar/data/1681348/999999999524000739/xslEFFECTX01/primary_doc.xml
0001681348,VivoPower PLC,1681348,CORRESP,2024-03-26,,0001437749-24-009403,filename1.htm,,,https://www.sec.gov/Archives/edgar/data/1681348/000143774924009403/filename1.htm
0001681348,VivoPower PLC,1681348,6-K,2024-03-25,2024-03-25,0001437749-24-009248,vpip20240325_6k.htm,FORM 6-K,,https://www.sec.gov/Archives/edgar/data/1681348/000143774924009248/vpip20240325_6k.htm
0001681348,VivoPower PLC,1681348,F-3/A,2024-03-22,,0001437749-24-009067,vpip20240321_f3a.htm,FORM F-3/A,,https://www.sec.gov/Archives/edgar/data/1681348/000143774924009067/vpip20240321_f3a.htm
0001681348,VivoPower PLC,1681348,UPLOAD,2024-03-20,,0000000000-24-003072,filename1.pdf,,,https://www.sec.gov/Archives/edgar/data/1681348/000000000024003072/filename1.pdf
0001681348,VivoPower PLC,1681348,20-F/A,2024-03-20,2023-06-30,0001437749-24-008717,vpip20230630d_20fa.htm,FORM 20-F/A,,https://www.sec.gov/Archives/edgar/data/1681348/000143774924008717/vpip20230630d_20fa.htm
0001681348,VivoPower PLC,1681348,CORRESP,2024-03-19,,0001437749-24-008484,filename1.htm,,,https://www.sec.gov/Archives/edgar/data/1681348/000143774924008484/filename1.htm
0001681348,VivoPower PLC,1681348,UPLOAD,2024-03-15,,0000000000-24-002908,filename1.pdf,,,https://www.sec.gov/Archives/edgar/data/1681348/000000000024002908/filename1.pdf
0001681348,VivoPower PLC,1681348,6-K,2024-03-15,2024-03-15,0001437749-24-008143,vpip20240315_6k.htm,FORM 6-K,,https://www.sec.gov/Archives/edgar/data/1681348/000143774924008143/vpip20240315_6k.htm
0001681348,VivoPower PLC,1681348,CORRESP,2024-03-07,,0001437749-24-006887,filename1.htm,,,https://www.sec.gov/Archives/edgar/data/1681348/000143774924006887/filename1.htm
0001681348,VivoPower PLC,1681348,CORRESP,2024-03-01,,0001437749-24-006323,filename1.htm,,,https://www.sec.gov/Archives/edgar/data/1681348/000143774924006323/filename1.htm
0001681348,VivoPower PLC,1681348,F-3/A,2024-03-01,,0001437749-24-006322,vpip20240229_f3a.htm,FORM F-3/A,,https://www.sec.gov/Archives/edgar/data/1681348/000143774924006322/vpip20240229_f3a.htm
0001681348,VivoPower PLC,1681348,UPLOAD,2024-03-01,,0000000000-24-002336,filename1.pdf,,,https://www.sec.gov/Archives/edgar/data/1681348/000000000024002336/filename1.pdf
0001681348,VivoPower PLC,1681348,UPLOAD,2024-02-28,,0000000000-24-002256,filename1.pdf,,,https://www.sec.gov/Archives/edgar/data/1681348/000000000024002256/filename1.pdf
0001681348,VivoPower PLC,1681348,CORRESP,2024-02-21,,0001437749-24-005088,filename1.htm,,,https://www.sec.gov/Archives/edgar/data/1681348/000143774924005088/filename1.htm
0001681348,VivoPower PLC,1681348,20-F/A,2024-02-21,2023-06-30,0001437749-24-005075,vpip20230630c_20fa.htm,FORM 20-F/A,,https://www.sec.gov/Archives/edgar/data/1681348/000143774924005075/vpip20230630c_20fa.htm
0001681348,VivoPower PLC,1681348,F-3/A,2024-02-16,,0001437749-24-004636,vpip20240215_f3a.htm,FORM F-3/A,,https://www.sec.gov/Archives/edgar/data/1681348/000143774924004636/vpip20240215_f3a.htm
0001681348,VivoPower PLC,1681348,CORRESP,2024-02-16,,0001437749-24-004629,filename1.htm,,,https://www.sec.gov/Archives/edgar/data/1681348/000143774924004629/filename1.htm
0001681348,VivoPower PLC,1681348,SC 13G/A,2024-02-14,,0001172661-24-001295,armistice-vvpr123123a1.htm,,,https://www.sec.gov/Archives/edgar/data/1681348/000117266124001295/armistice-vvpr123123a1.htm
0001681348,VivoPower PLC,1681348,6-K,2024-02-05,2024-02-05,0001437749-24-003060,vpip20240205_6k.htm,FORM 6-K,,https://www.sec.gov/Archives/edgar/data/1681348/000143774924003060/vpip20240205_6k.htm
0001681348,VivoPower PLC,1681348,UPLOAD,2024-02-02,,0000000000-24-001341,filename1.pdf,,,https://www.sec.gov/Archives/edgar/data/1681348/000000000024001341/filename1.pdf
0001681348,VivoPower PLC,1681348,UPLOAD,2024-02-02,,0000000000-24-001334,filename1.pdf,,,https://www.sec.gov/Archives/edgar/data/1681348/000000000024001334/filename1.pdf
0001681348,VivoPower PLC,1681348,SC 13G/A,2024-01-22,,0001477932-24-000299,vpip_sc13ga.htm,SC 13G/A,,https://www.sec.gov/Archives/edgar/data/1681348/000147793224000299/vpip_sc13ga.htm
0001681348,VivoPower PLC,1681348,6-K,2024-01-17,2024-01-17,0001437749-24-001474,vpip20240117d_6k.htm,FORM 6-K,,https://www.sec.gov/Archives/edgar/data/1681348/000143774924001474/vpip20240117d_6k.htm
0001681348,VivoPower PLC,1681348,6-K,2024-01-17,2024-01-17,0001437749-24-001473,vpip20240117c_6k.htm,FORM 6-K,,https://www.sec.gov/Archives/edgar/data/1681348/000143774924001473/vpip20240117c_6k.htm
0001681348,VivoPower PLC,1681348,F-3,2024-01-12,,0001437749-24-001299,vpip20240105_f3.htm,FORM F-3,,https://www.sec.gov/Archives/edgar/data/1681348/000143774924001299/vpip20240105_f3.htm
0001681348,VivoPower PLC,1681348,6-K,2024-01-11,2024-01-11,0001437749-24-001152,vpip20240111_6k.htm,FORM 6-K,,https://www.sec.gov/Archives/edgar/data/1681348/000143774924001152/vpip20240111_6k.htm
0001681348,VivoPower PLC,1681348,SC 13G,2024-01-04,,0001477932-24-000030,vpip_sc13g.htm,SC 13G,,https://www.sec.gov/Archives/edgar/data/1681348/000147793224000030/vpip_sc13g.htm
0001681348,VivoPower PLC,1681348,144,2023-12-29,,0000103623-23-000067,xsl144X01/primary_doc.xml,,,https://www.sec.gov/Archives/edgar/data/1681348/000010362323000067/xsl144X01/primary_doc.xml
0001681348,VivoPower PLC,1681348,144,2023-12-29,,0000103623-23-000066,xsl144X01/primary_doc.xml,,,https://www.sec.gov/Archives/edgar/data/1681348/000010362323000066/xsl144X01/primary_doc.xml
0001681348,VivoPower PLC,1681348,144,2023-12-29,,0000103623-23-000065,xsl144X01/primary_doc.xml,,,https://www.sec.gov/Archives/edgar/data/1681348/000010362323000065/xsl144X01/primary_doc.xml
0001681348,VivoPower PLC,1681348,6-K,2023-12-28,2023-12-28,0001437749-23-035509,vpip20231228_6k.htm,FORM 6-K,,https://www.sec.gov/Archives/edgar/data/1681348/000143774923035509/vpip20231228_6k.htm
0001681348,VivoPower PLC,1681348,144/A,2023-12-28,,0000103623-23-000063,xsl144X01/primary_doc.xml,,,https://www.sec.gov/Archives/edgar/data/1681348/000010362323000063/xsl144X01/primary_doc.xml
0001681348,VivoPower PLC,1681348,SC 13G,2023-12-21,,0001493152-23-045753,formsc13g.htm,,,https://www.sec.gov/Archives/edgar/data/1681348/000149315223045753/formsc13g.htm
0001681348,VivoPower PLC,1681348,6-K,2023-12-18,2023-12-18,0001437749-23-034663,vpip20231218_6k.htm,FORM 6-K,,https://www.sec.gov/Archives/edgar/data/1681348/000143774923034663/vpip20231218_6k.htm
0001681348,VivoPower PLC,1681348,6-K,2023-12-15,2023-12-15,0001437749-23-034594,vpip20231215_6k.htm,FORM 6-K,,https://www.sec.gov/Archives/edgar/data/1681348/000143774923034594/vpip20231215_6k.htm
0001681348,VivoPower PLC,1681348,424B5,2023-12-15,,0001437749-23-034590,vpip20231215_424b5.htm,FORM 424B5,,https://www.sec.gov/Archives/edgar/data/1681348/000143774923034590/vpip20231215_424b5.htm
0001681348,VivoPower PLC,1681348,6-K,2023-11-22,2023-11-13,0001437749-23-032925,vpip20231122_6k.htm,FORM 6-K,,https://www.sec.gov/Archives/edgar/data/1681348/000143774923032925/vpip20231122_6k.htm
0001681348,VivoPower PLC,1681348,6-K,2023-11-14,2023-11-14,0001437749-23-031790,vpip20231114_6k.htm,FORM 6-K,,https://www.sec.gov/Archives/edgar/data/1681348/000143774923031790/vpip20231114_6k.htm
0001681348,VivoPower PLC,1681348,424B5,2023-11-13,,0001437749-23-031691,vpip20231113_424b5.htm,FORM 424B5,,https://www.sec.gov/Archives/edgar/data/1681348/000143774923031691/vpip20231113_424b5.htm
0001681348,VivoPower PLC,1681348,6-K,2023-10-31,2023-10-31,0001437749-23-029455,vpip20231031_6k.htm,FORM 6-K,,https://www.sec.gov/Archives/edgar/data/1681348/000143774923029455/vpip20231031_6k.htm
0001681348,VivoPower PLC,1681348,6-K,2023-10-27,2023-10-27,0001437749-23-029159,vpip20231027_6k.htm,FORM 6-K,,https://www.sec.gov/Archives/edgar/data/1681348/000143774923029159/vpip20231027_6k.htm
0001681348,VivoPower PLC,1681348,6-K,2023-10-18,2023-10-18,0001437749-23-028465,vpip20231018_6k.htm,FORM 6-K,,https://www.sec.gov/Archives/edgar/data/1681348/000143774923028465/vpip20231018_6k.htm
0001681348,VivoPower PLC,1681348,6-K,2023-10-16,2023-10-16,0001437749-23-028249,vpip20231016_6k.htm,FORM 6-K,,https://www.sec.gov/Archives/edgar/data/1681348/000143774923028249/vpip20231016_6k.htm
0001681348,VivoPower PLC,1681348,6-K,2023-10-10,2023-10-06,0001437749-23-027998,vpip20231010_6k.htm,FORM 6-K,,https://www.sec.gov/Archives/edgar/data/1681348/000143774923027998/vpip20231010_6k.htm
0001681348,VivoPower PLC,1681348,424B5,2023-10-06,,0001437749-23-027808,vpip20231005_424b5.htm,FORM 424B5,,https://www.sec.gov/Archives/edgar/data/1681348/000143774923027808/vpip20231005_424b5.htm
0001681348,VivoPower PLC,1681348,6-K,2023-10-06,2023-10-06,0001437749-23-027807,vpip20231006_6k.htm,FORM 6-K,,https://www.sec.gov/Archives/edgar/data/1681348/000143774923027807/vpip20231006_6k.htm
0001681348,VivoPower PLC,1681348,20-F/A,2023-10-06,2023-06-30,0001437749-23-027804,vpip20230630_20fa.htm,FORM 20-F/A,,https://www.sec.gov/Archives/edgar/data/1681348/000143774923027804/vpip20230630_20fa.htm
0001681348,VivoPower PLC,1681348,6-K,2023-10-04,2023-10-04,0001437749-23-027598,vpip20231004_6k.htm,FORM 6-K,,https://www.sec.gov/Archives/edgar/data/1681348/000143774923027598/vpip20231004_6k.htm
0001681348,VivoPower PLC,1681348,6-K,2023-10-02,2023-10-02,0001437749-23-027415,vpip20231002_6k.htm,FORM 6-K,,https://www.sec.gov/Archives/edgar/data/1681348/000143774923027415/vpip20231002_6k.htm
0001681348,VivoPower PLC,1681348,20-F,2023-10-02,2023-06-30,0001437749-23-027411,vpip20230630_20f.htm,FORM 20-F,,https://www.sec.gov/Archives/edgar/data/1681348/000143774923027411/vpip20230630_20f.htm
0001681348,VivoPower PLC,1681348,6-K,2023-10-02,2023-10-02,0001437749-23-027409,vpip20231002c_6k.htm,FORM 6-K,,https://www.sec.gov/Archives/edgar/data/1681348/000143774923027409/vpip20231002c_6k.htm
0001681348,VivoPower PLC,1681348,6-K,2023-09-26,2023-09-26,0001437749-23-026785,vpip20230926c_6k.htm,FORM 6-K,,https://www.sec.gov/Archives/edgar/data/1681348/000143774923026785/vpip20230926c_6k.htm
0001681348,VivoPower PLC,1681348,6-K,2023-09-26,2023-09-26,0001437749-23-026724,vpip20230926_6k.htm,FORM 6-K,,https://www.sec.gov/Archives/edgar/data/1681348/000143774923026724/vpip20230926_6k.htm
0001681348,VivoPower PLC,1681348,S-8,2023-07-28,,0001437749-23-021055,vpip20230727_s8.htm,FORM S-8,,https://www.sec.gov/Archives/edgar/data/1681348/000143774923021055/vpip20230727_s8.htm
0001681348,VivoPower PLC,1681348,6-K,2023-07-10,2023-07-10,0001437749-23-019632,vpip20230710_6k.htm,FORM 6-K,,https://www.sec.gov/Archives/edgar/data/1681348/000143774923019632/vpip20230710_6k.htm
0001681348,VivoPower PLC,1681348,6-K,2023-06-28,2023-06-28,0001437749-23-018676,vpip20230628_6k.htm,FORM 6-K,,https://www.sec.gov/Archives/edgar/data/1681348/000143774923018676/vpip20230628_6k.htm
0001681348,VivoPower PLC,1681348,6-K,2023-06-27,2023-06-27,0001437749-23-018569,vpip20230627_6k.htm,FORM 6-K,,https://www.sec.gov/Archives/edgar/data/1681348/000143774923018569/vpip20230627_6k.htm
0001681348,VivoPower PLC,1681348,6-K,2023-06-13,2023-06-13,0001437749-23-017276,vpip20230613c_6k.htm,FORM 6-K,,https://www.sec.gov/Archives/edgar/data/1681348/000143774923017276/vpip20230613c_6k.htm
0001681348,VivoPower PLC,1681348,6-K,2023-06-13,2023-06-13,0001437749-23-017275,vpip20230613d_6k.htm,FORM 6-K,,https://www.sec.gov/Archives/edgar/data/1681348/000143774923017275/vpip20230613d_6k.htm
0001681348,VivoPower PLC,1681348,6-K,2023-06-13,2023-06-13,0001437749-23-017203,vpip20230613_6k.htm,FORM 6-K,,https://www.sec.gov/Archives/edgar/data/1681348/000143774923017203/vpip20230613_6k.htm
0001681348,VivoPower PLC,1681348,6-K,2023-05-15,2023-05-15,0001437749-23-014606,vpip20230515_6k.htm,FORM 6-K,,https://www.sec.gov/Archives/edgar/data/1681348/000143774923014606/vpip20230515_6k.htm
0001681348,VivoPower PLC,1681348,6-K,2023-04-27,2023-04-27,0001437749-23-011425,vpip20230427_6k.htm,FORM 6-K,,https://www.sec.gov/Archives/edgar/data/1681348/000143774923011425/vpip20230427_6k.htm
0001681348,VivoPower PLC,1681348,6-K,2023-02-27,2023-02-27,0001437749-23-004637,vpip20230227_6k.htm,FORM 6-K,,https://www.sec.gov/Archives/edgar/data/1681348/000143774923004637/vpip20230227_6k.htm
0001681348,VivoPower PLC,1681348,6-K,2023-02-24,2023-02-24,0001437749-23-004463,vpip20230222_6k.htm,FORM 6-K,,https://www.sec.gov/Archives/edgar/data/1681348/000143774923004463/vpip20230222_6k.htm
0001681348,VivoPower PLC,1681348,6-K,2023-02-24,2023-02-24,0001437749-23-004462,vpip20230223_6k.htm,FORM 6-K,,https://www.sec.gov/Archives/edgar/data/1681348/000143774923004462/vpip20230223_6k.htm
0001681348,VivoPower PLC,1681348,SC 13G,2023-02-14,,0001172661-23-001195,armistice-vvpr123122.htm,,,https://www.sec.gov/Archives/edgar/data/1681348/000117266123001195/armistice-vvpr123122.htm
0001681348,VivoPower PLC,1681348,6-K,2023-02-13,2023-02-13,0001437749-23-003077,vpip20230213_6k.htm,FORM 6-K,,https://www.sec.gov/Archives/edgar/data/1681348/000143774923003077/vpip20230213_6k.htm
0001681348,VivoPower PLC,1681348,6-K,2023-01-13,2023-01-13,0001437749-23-000984,vpip20230113b_6k.htm,FORM 6-K,,https://www.sec.gov/Archives/edgar/data/1681348/000143774923000984/vpip20230113b_6k.htm
0001681348,VivoPower PLC,1681348,6-K,2023-01-13,2023-01-13,0001437749-23-000983,vpip20230113_6k.htm,FORM 6-K,,https://www.sec.gov/Archives/edgar/data/1681348/000143774923000983/vpip20230113_6k.htm
0001681348,VivoPower PLC,1681348,S-8,2022-12-08,,0001437749-22-028765,vpip20221208_s8.htm,FORM S-8,,https://www.sec.gov/Archives/edgar/data/1681348/000143774922028765/vpip20221208_s8.htm
0001681348,VivoPower PLC,1681348,6-K,2022-11-14,2022-11-14,0001437749-22-027062,vpip20221114_6k.htm,FORM 6-K,,https://www.sec.gov/Archives/edgar/data/1681348/000143774922027062/vpip20221114_6k.htm
0001681348,VivoPower PLC,1681348,6-K,2022-11-10,2022-11-10,0001437749-22-026926,vpip20221110_6k.htm,FORM 6-K,,https://www.sec.gov/Archives/edgar/data/1681348/000143774922026926/vpip20221110_6k.htm
0001681348,VivoPower PLC,1681348,6-K,2022-11-08,2022-11-08,0001437749-22-026249,vpip20221108_6k.htm,FORM 6-K,,https://www.sec.gov/Archives/edgar/data/1681348/000143774922026249/vpip20221108_6k.htm
0001681348,VivoPower PLC,1681348,6-K,2022-11-03,2022-11-03,0001437749-22-025782,vpip20221103_6k.htm,FORM 6-K,,https://www.sec.gov/Archives/edgar/data/1681348/000143774922025782/vpip20221103_6k.htm
0001681348,VivoPower PLC,1681348,6-K,2022-10-27,2022-10-27,0001437749-22-024953,vpip20221027_6k.htm,FORM 6-K,,https://www.sec.gov/Archives/edgar/data/1681348/000143774922024953/vpip20221027_6k.htm
0001681348,VivoPower PLC,1681348,424B3,2022-09-30,,0001437749-22-023303,vpip20220927_424b3.htm,FORM 424B3,,https://www.sec.gov/Archives/edgar/data/1681348/000143774922023303/vpip20220927_424b3.htm
0001681348,VivoPower PLC,1681348,EFFECT,2022-09-29,,9999999995-22-002864,xslEFFECTX01/primary_doc.xml,,"F-1,,2022-09-29 17:00:00",https://www.sec.gov/Archives/edgar/data/1681348/999999999522002864/xslEFFECTX01/primary_doc.xml
0001681348,VivoPower PLC,1681348,CORRESP,2022-09-27,,0001437749-22-023119,filename1.htm,,,https://www.sec.gov/Archives/edgar/data/1681348/000143774922023119/filename1.htm
0001681348,VivoPower PLC,1681348,UPLOAD,2022-09-23,,0000000000-22-010526,filename1.pdf,,,https://www.sec.gov/Archives/edgar/data/1681348/000000000022010526/filename1.pdf
0001681348,VivoPower PLC,1681348,DEL AM,2022-09-20,,0001437749-22-022764,vpip20220919_delam.htm,FORM DEL AM,,https://www.sec.gov/Archives/edgar/data/1681348/000143774922022764/vpip20220919_delam.htm
0001681348,VivoPower PLC,1681348,F-1,2022-09-16,,0001437749-22-022641,vpip20220915_f1.htm,,,https://www.sec.gov/Archives/edgar/data/1681348/000143774922022641/vpip20220915_f1.htm
0001681348,VivoPower PLC,1681348,20-F,2022-09-16,2022-06-30,0001437749-22-022635,vpip20220630_20f.htm,FORM 20-F,,https://www.sec.gov/Archives/edgar/data/1681348/000143774922022635/vpip20220630_20f.htm
0001681348,VivoPower PLC,1681348,6-K,2022-08-29,2022-08-29,0001437749-22-021460,vpip20220826_6k.htm,FORM 6-K,,https://www.sec.gov/Archives/edgar/data/1681348/000143774922021460/vpip20220826_6k.htm
0001681348,VivoPower PLC,1681348,6-K,2022-08-29,2022-08-29,0001437749-22-021455,vpip20220829_6k.htm,FORM 6-K,,https://www.sec.gov/Archives/edgar/data/1681348/000143774922021455/vpip20220829_6k.htm
0001681348,VivoPower PLC,1681348,6-K,2022-08-24,2022-08-24,0001437749-22-021229,vpip20220824_6k.htm,FORM 6-K,,https://www.sec.gov/Archives/edgar/data/1681348/000143774922021229/vpip20220824_6k.htm
0001681348,VivoPower PLC,1681348,6-K,2022-08-02,2022-07-29,0001437749-22-018470,vpip20220801_6k.htm,FORM 6-K,,https://www.sec.gov/Archives/edgar/data/1681348/000143774922018470/vpip20220801_6k.htm
0001681348,VivoPower PLC,1681348,424B5,2022-08-01,,0001437749-22-018274,vpip20220629_424b5.htm,FORM 424B5,,https://www.sec.gov/Archives/edgar/data/1681348/000143774922018274/vpip20220629_424b5.htm
0001681348,VivoPower PLC,1681348,6-K,2022-07-29,2022-07-29,0001437749-22-018074,vpip20220728_6k.htm,FORM 6-K,,https://www.sec.gov/Archives/edgar/data/1681348/000143774922018074/vpip20220728_6k.htm
0001681348,VivoPower PLC,1681348,424B4,2022-07-29,,0001437749-22-018070,vpip20220630_424b4.htm,FORM 424B4,,https://www.sec.gov/Archives/edgar/data/1681348/000143774922018070/vpip20220630_424b4.htm
0001681348,VivoPower PLC,1681348,6-K,2022-07-29,2022-07-29,0001437749-22-018069,vpip20220630b_6k.htm,FORM 6-K,,https://www.sec.gov/Archives/edgar/data/1681348/000143774922018069/vpip20220630b_6k.htm
0001681348,VivoPower PLC,1681348,6-K,2022-06-30,2022-06-30,0001437749-22-016231,vpip20220630_6k.htm,FORM 6-K,,https://www.sec.gov/Archives/edgar/data/1681348/000143774922016231/vpip20220630_6k.htm
0001681348,VivoPower PLC,1681348,6-K,2022-06-29,2022-06-29,0001437749-22-016113,vpip20220629_6k.htm,FORM 6-K,,https://www.sec.gov/Archives/edgar/data/1681348/000143774922016113/vpip20220629_6k.htm
0001681348,VivoPower PLC,1681348,6-K,2022-06-13,2022-06-13,0001437749-22-014826,vpip20220612_6k.htm,FORM 6-K,,https://www.sec.gov/Archives/edgar/data/1681348/000143774922014826/vpip20220612_6k.htm
0001681348,VivoPower PLC,1681348,6-K/A,2022-06-13,2022-02-24,0001437749-22-014810,vpip20220610_6ka.htm,FORM 6-K/A,,https://www.sec.gov/Archives/edgar/data/1681348/000143774922014810/vpip20220610_6ka.htm
0001681348,VivoPower PLC,1681348,6-K,2022-05-20,2022-05-20,0001437749-22-013155,vpip20220520_6k.htm,FORM 6-K,,https://www.sec.gov/Archives/edgar/data/1681348/000143774922013155/vpip20220520_6k.htm
0001681348,VivoPower PLC,1681348,6-K,2022-04-29,2022-04-29,0001437749-22-010163,vpip20220429_6k.htm,FORM 6-K,,https://www.sec.gov/Archives/edgar/data/1681348/000143774922010163/vpip20220429_6k.htm
0001681348,VivoPower PLC,1681348,6-K,2022-04-04,2022-04-04,0001437749-22-008114,vpip20220404_6k.htm,FORM 6-K,,https://www.sec.gov/Archives/edgar/data/1681348/000143774922008114/vpip20220404_6k.htm
0001681348,VivoPower PLC,1681348,6-K,2022-04-01,2022-04-01,0001437749-22-007957,vpip20220401_6k.htm,FORM 6-K,,https://www.sec.gov/Archives/edgar/data/1681348/000143774922007957/vpip20220401_6k.htm
0001681348,VivoPower PLC,1681348,6-K,2022-02-24,2022-02-24,0001437749-22-004362,vpip20220224_6k.htm,FORM 6-K,,https://www.sec.gov/Archives/edgar/data/1681348/000143774922004362/vpip20220224_6k.htm
0001681348,VivoPower PLC,1681348,6-K,2022-02-24,2022-02-24,0001437749-22-004342,vpip20220222b_6k.htm,FORM 6-K,,https://www.sec.gov/Archives/edgar/data/1681348/000143774922004342/vpip20220222b_6k.htm
0001681348,VivoPower PLC,1681348,6-K,2022-02-16,2022-02-16,0001437749-22-003567,vpip20220216_6k.htm,FORM 6-K,,https://www.sec.gov/Archives/edgar/data/1681348/000143774922003567/vpip20220216_6k.htm
0001681348,VivoPower PLC,1681348,6-K,2022-02-08,2022-02-08,0001437749-22-002667,vpip20220208_6k.htm,FORM 6-K,,https://www.sec.gov/Archives/edgar/data/1681348/000143774922002667/vpip20220208_6k.htm
0001681348,VivoPower PLC,1681348,6-K,2022-02-04,2022-02-04,0001437749-22-002439,vpip20220204_6k.htm,FORM 6-K,,https://www.sec.gov/Archives/edgar/data/1681348/000143774922002439/vpip20220204_6k.htm
0001681348,VivoPower PLC,1681348,6-K,2021-12-08,2021-12-08,0001437749-21-028038,vpip20211208_6k.htm,FORM 6-K,,https://www.sec.gov/Archives/edgar/data/1681348/000143774921028038/vpip20211208_6k.htm
0001681348,VivoPower PLC,1681348,6-K,2021-12-07,2021-12-07,0001437749-21-027980,vpip20211207_6k.htm,FORM 6-K,,https://www.sec.gov/Archives/edgar/data/1681348/000143774921027980/vpip20211207_6k.htm
0001681348,VivoPower PLC,1681348,6-K,2021-11-12,2021-11-30,0001437749-21-026513,vpip20211111_6k.htm,FORM 6-K,,https://www.sec.gov/Archives/edgar/data/1681348/000143774921026513/vpip20211111_6k.htm
0001681348,VivoPower PLC,1681348,424B4,2021-11-12,,0001437749-21-026510,vpip20211110_424b4.htm,FORM 424B4,,https://www.sec.gov/Archives/edgar/data/1681348/000143774921026510/vpip20211110_424b4.htm
0001681348,VivoPower PLC,1681348,6-K,2021-10-26,2021-10-26,0001437749-21-024322,vpip20211026_6k.htm,FORM 6-K,,https://www.sec.gov/Archives/edgar/data/1681348/000143774921024322/vpip20211026_6k.htm
0001681348,VivoPower PLC,1681348,UPLOAD,2021-10-22,,0000000000-21-012828,filename1.pdf,,,https://www.sec.gov/Archives/edgar/data/1681348/000000000021012828/filename1.pdf
0001681348,VivoPower PLC,1681348,6-K,2021-10-21,2021-10-31,0001437749-21-024020,vpip20211021_6k.htm,FORM 6-K,,https://www.sec.gov/Archives/edgar/data/1681348/000143774921024020/vpip20211021_6k.htm
0001681348,VivoPower PLC,1681348,6-K,2021-10-21,2021-10-21,0001437749-21-024019,vpip20211021b_6k.htm,FORM 6-K,,https://www.sec.gov/Archives/edgar/data/1681348/000143774921024019/vpip20211021b_6k.htm
0001681348,VivoPower PLC,1681348,6-K,2021-09-23,2021-09-23,0001437749-21-022542,vpip20210923_6k.htm,FORM 6-K,,https://www.sec.gov/Archives/edgar/data/1681348/000143774921022542/vpip20210923_6k.htm
0001681348,VivoPower PLC,1681348,6-K,2021-09-16,2021-09-16,0001437749-21-022237,vpip20210916_6k.htm,FORM 6-K,,https://www.sec.gov/Archives/edgar/data/1681348/000143774921022237/vpip20210916_6k.htm
0001681348,VivoPower PLC,1681348,20-F,2021-09-15,2021-06-30,0001437749-21-022141,vpip20210331_20f.htm,FORM 20-F,,https://www.sec.gov/Archives/edgar/data/1681348/000143774921022141/vpip20210331_20f.htm
0001681348,VivoPower PLC,1681348,6-K,2021-09-14,2021-09-14,0001437749-21-022088,vpip20210914_6k.htm,FORM 6-K,,https://www.sec.gov/Archives/edgar/data/1681348/000143774921022088/vpip20210914_6k.htm
0001681348,VivoPower PLC,1681348,CORRESP,2021-09-07,,0001437749-21-021601,filename1.htm,,,https://www.sec.gov/Archives/edgar/data/1681348/000143774921021601/filename1.htm
0001681348,VivoPower PLC,1681348,CORRESP,2021-08-25,,0001437749-21-021007,filename1.htm,,,https://www.sec.gov/Archives/edgar/data/1681348/000143774921021007/filename1.htm
0001681348,VivoPower PLC,1681348,UPLOAD,2021-08-23,,0000000000-21-010295,filename1.pdf,,,https://www.sec.gov/Archives/edgar/data/1681348/000000000021010295/filename1.pdf
0001681348,VivoPower PLC,1681348,6-K,2021-08-23,2021-08-23,0001437749-21-020642,vpip20210823b_6k.htm,FORM 6-K,,https://www.sec.gov/Archives/edgar/data/1681348/000143774921020642/vpip20210823b_6k.htm
0001681348,VivoPower PLC,1681348,6-K,2021-08-23,2021-08-23,0001437749-21-020641,vpip20210823_6k.htm,FORM 6-K,,https://www.sec.gov/Archives/edgar/data/1681348/000143774921020641/vpip20210823_6k.htm
0001681348,VivoPower PLC,1681348,6-K,2021-07-20,2021-07-20,0001437749-21-017181,vpip20210720_6k.htm,FORM 6-K,,https://www.sec.gov/Archives/edgar/data/1681348/000143774921017181/vpip20210720_6k.htm
0001681348,VivoPower PLC,1681348,UPLOAD,2021-07-09,,0000000000-21-008521,filename1.pdf,,,https://www.sec.gov/Archives/edgar/data/1681348/000000000021008521/filename1.pdf
0001681348,VivoPower PLC,1681348,6-K,2021-07-02,2021-07-02,0001437749-21-016291,vpip20210702_6k.htm,FORM 6-K,,https://www.sec.gov/Archives/edgar/data/1681348/000143774921016291/vpip20210702_6k.htm
0001681348,VivoPower PLC,1681348,6-K,2021-06-29,2021-06-29,0001437749-21-015888,vpip20210629_6k.htm,FORM 6-K,,https://www.sec.gov/Archives/edgar/data/1681348/000143774921015888/vpip20210629_6k.htm
0001681348,VivoPower PLC,1681348,6-K,2021-06-24,2021-06-24,0001437749-21-015526,vpip20210624_6k.htm,FORM 6-K,,https://www.sec.gov/Archives/edgar/data/1681348/000143774921015526/vpip20210624_6k.htm
0001681348,VivoPower PLC,1681348,6-K,2021-06-23,2021-06-23,0001437749-21-015424,vpip20210623_6k.htm,FORM 6-K,,https://www.sec.gov/Archives/edgar/data/1681348/000143774921015424/vpip20210623_6k.htm
0001681348,VivoPower PLC,1681348,6-K,2021-06-22,2021-06-22,0001437749-21-015323,vpip20210622_6k.htm,FORM 6-K,,https://www.sec.gov/Archives/edgar/data/1681348/000143774921015323/vpip20210622_6k.htm
0001681348,VivoPower PLC,1681348,6-K,2021-06-17,2021-06-17,0001437749-21-015003,vpip20210617_6k.htm,FORM 6-K,,https://www.sec.gov/Archives/edgar/data/1681348/000143774921015003/vpip20210617_6k.htm
0001681348,VivoPower PLC,1681348,CORRESP,2021-06-02,,0001437749-21-013893,filename1.htm,,,https://www.sec.gov/Archives/edgar/data/1681348/000143774921013893/filename1.htm
0001681348,VivoPower PLC,1681348,6-K,2021-06-02,2021-06-30,0001437749-21-013892,vpip20210602b_6k.htm,FORM 6-K,,https://www.sec.gov/Archives/edgar/data/1681348/000143774921013892/vpip20210602b_6k.htm
0001681348,VivoPower PLC,1681348,6-K,2021-06-02,2021-06-02,0001437749-21-013891,vpip20210602_6k.htm,FORM 6-K,,https://www.sec.gov/Archives/edgar/data/1681348/000143774921013891/vpip20210602_6k.htm
0001681348,VivoPower PLC,1681348,6-K,2021-05-24,2021-05-24,0001437749-21-013091,vpip20210524_6k.htm,FORM 6-K,,https://www.sec.gov/Archives/edgar/data/1681348/000143774921013091/vpip20210524_6k.htm
0001681348,VivoPower PLC,1681348,6-K,2021-05-19,2021-05-19,0001437749-21-012759,vpip20210519_6k.htm,FORM 6-K,,https://www.sec.gov/Archives/edgar/data/1681348/000143774921012759/vpip20210519_6k.htm
0001681348,VivoPower PLC,1681348,CORRESP,2021-05-14,,0001437749-21-012351,filename1.htm,,,https://www.sec.gov/Archives/edgar/data/1681348/000143774921012351/filename1.htm
0001681348,VivoPower PLC,1681348,6-K,2021-05-10,2021-05-10,0001437749-21-011430,vpip20210510_6k.htm,FORM 6-K,,https://www.sec.gov/Archives/edgar/data/1681348/000143774921011430/vpip20210510_6k.htm
0001681348,VivoPower PLC,1681348,6-K,2021-05-04,2021-05-04,0001437749-21-010698,vpip20210504_6k.htm,FORM 6-K,,https://www.sec.gov/Archives/edgar/data/1681348/000143774921010698/vpip20210504_6k.htm
0001681348,VivoPower PLC,1681348,UPLOAD,2021-04-29,,0000000000-21-005506,filename1.pdf,,,https://www.sec.gov/Archives/edgar/data/1681348/000000000021005506/filename1.pdf
0001681348,VivoPower PLC,1681348,6-K,2021-04-22,2021-04-22,0001437749-21-009549,vpip20210421_6k.htm,FORM 6-K,,https://www.sec.gov/Archives/edgar/data/1681348/000143774921009549/vpip20210421_6k.htm
0001681348,VivoPower PLC,1681348,6-K,2021-03-30,2021-03-30,0001437749-21-007590,vpip20210330_6k.htm,FORM 6-K,,https://www.sec.gov/Archives/edgar/data/1681348/000143774921007590/vpip20210330_6k.htm
0001681348,VivoPower PLC,1681348,CORRESP,2021-03-25,,0001437749-21-007138,filename1.htm,,,https://www.sec.gov/Archives/edgar/data/1681348/000143774921007138/filename1.htm
0001681348,VivoPower PLC,1681348,6-K,2021-03-16,2021-03-16,0001437749-21-006106,vpip20210316_6k.htm,FORM 6-K,,https://www.sec.gov/Archives/edgar/data/1681348/000143774921006106/vpip20210316_6k.htm
0001681348,VivoPower PLC,1681348,6-K,2021-03-12,2021-03-12,0001437749-21-005816,vpip20210312_6k.htm,FORM 6-K,,https://www.sec.gov/Archives/edgar/data/1681348/000143774921005816/vpip20210312_6k.htm
0001681348,VivoPower PLC,1681348,CORRESP,2021-03-11,,0001437749-21-005710,filename1.htm,,,https://www.sec.gov/Archives/edgar/data/1681348/000143774921005710/filename1.htm
0001681348,VivoPower PLC,1681348,6-K,2021-03-10,2021-03-10,0001437749-21-005475,vpip20210310_6k.htm,FORM 6-K,,https://www.sec.gov/Archives/edgar/data/1681348/000143774921005475/vpip20210310_6k.htm
0001681348,VivoPower PLC,1681348,UPLOAD,2021-03-01,,0000000000-21-002415,filename1.pdf,,,https://www.sec.gov/Archives/edgar/data/1681348/000000000021002415/filename1.pdf
0001681348,VivoPower PLC,1681348,6-K,2021-02-25,2021-02-24,0001437749-21-004001,vpip20210224b_6k.htm,FORM 6-K,,https://www.sec.gov/Archives/edgar/data/1681348/000143774921004001/vpip20210224b_6k.htm
0001681348,VivoPower PLC,1681348,6-K,2021-02-24,2021-02-24,0001437749-21-003964,vpip20210223_6k.htm,FORM 6-K,,https://www.sec.gov/Archives/edgar/data/1681348/000143774921003964/vpip20210223_6k.htm
0001681348,VivoPower PLC,1681348,6-K,2021-02-24,2021-02-24,0001437749-21-003869,vpip20210224_6k.htm,FORM 6-K,,https://www.sec.gov/Archives/edgar/data/1681348/000143774921003869/vpip20210224_6k.htm
0001681348,VivoPower PLC,1681348,6-K,2021-02-17,2021-02-17,0001437749-21-003056,vpip20210217_6k.htm,FORM 6-K,,https://www.sec.gov/Archives/edgar/data/1681348/000143774921003056/vpip20210217_6k.htm
0001681348,VivoPower PLC,1681348,6-K,2021-02-10,2021-02-10,0001437749-21-002399,vpip20210210_6k.htm,FORM 6-K,,https://www.sec.gov/Archives/edgar/data/1681348/000143774921002399/vpip20210210_6k.htm
0001681348,VivoPower PLC,1681348,6-K,2021-02-08,2021-02-05,0001437749-21-002130,vpip20210205_6k.htm,FORM 6-K,,https://www.sec.gov/Archives/edgar/data/1681348/000143774921002130/vpip20210205_6k.htm
0001681348,VivoPower PLC,1681348,6-K,2021-02-02,2021-02-02,0001437749-21-001719,vpip20210202_6k.htm,FORM 6-K,,https://www.sec.gov/Archives/edgar/data/1681348/000143774921001719/vpip20210202_6k.htm
0001681348,VivoPower PLC,1681348,6-K,2021-01-27,2021-01-27,0001437749-21-001343,vpip20210127_6k.htm,FORM 6-K,,https://www.sec.gov/Archives/edgar/data/1681348/000143774921001343/vpip20210127_6k.htm
0001681348,VivoPower PLC,1681348,6-K,2021-01-25,2021-01-25,0001437749-21-001146,vpip20210125_6k.htm,FORM 6-K,,https://www.sec.gov/Archives/edgar/data/1681348/000143774921001146/vpip20210125_6k.htm
0001681348,VivoPower PLC,1681348,6-K,2021-01-13,2021-01-13,0001437749-21-000611,vpip20210113_6k.htm,FORM 6-K,,https://www.sec.gov/Archives/edgar/data/1681348/000143774921000611/vpip20210113_6k.htm
0001681348,VivoPower PLC,1681348,6-K,2021-01-08,2021-01-08,0001437749-21-000376,vpip20210108_6k.htm,FORM 6-K,,https://www.sec.gov/Archives/edgar/data/1681348/000143774921000376/vpip20210108_6k.htm
0001681348,VivoPower PLC,1681348,6-K,2020-12-30,2020-12-30,0001437749-20-026095,vpip20201230_6k.htm,FORM 6-K,,https://www.sec.gov/Archives/edgar/data/1681348/000143774920026095/vpip20201230_6k.htm
0001681348,VivoPower PLC,1681348,EFFECT,2020-12-23,,9999999995-20-003659,xslEFFECTX01/primary_doc.xml,,"F-3,,2020-12-23 17:00:00",https://www.sec.gov/Archives/edgar/data/1681348/999999999520003659/xslEFFECTX01/primary_doc.xml
0001681348,VivoPower PLC,1681348,6-K,2020-12-23,2020-12-23,0001437749-20-025833,vpip20201223_6k.htm,FORM 6-K,,https://www.sec.gov/Archives/edgar/data/1681348/000143774920025833/vpip20201223_6k.htm
0001681348,VivoPower PLC,1681348,CORRESP,2020-12-21,,0001437749-20-025749,filename1.htm,,,https://www.sec.gov/Archives/edgar/data/1681348/000143774920025749/filename1.htm
0001681348,VivoPower PLC,1681348,CORRESP,2020-12-21,,0001437749-20-025730,filename1.htm,,,https://www.sec.gov/Archives/edgar/data/1681348/000143774920025730/filename1.htm
0001681348,VivoPower PLC,1681348,S-8,2020-12-21,,0001437749-20-025723,vpip20201217_s8.htm,FORM S-8,,https://www.sec.gov/Archives/edgar/data/1681348/000143774920025723/vpip20201217_s8.htm
0001681348,VivoPower PLC,1681348,F-3/A,2020-12-21,,0001437749-20-025720,vpip20201221_f3a.htm,FORM F-3/A,,https://www.sec.gov/Archives/edgar/data/1681348/000143774920025720/vpip20201221_f3a.htm
0001681348,VivoPower PLC,1681348,6-K,2020-12-18,2020-12-18,0001437749-20-025638,vpip20201218_6k.htm,FORM 6-K,,https://www.sec.gov/Archives/edgar/data/1681348/000143774920025638/vpip20201218_6k.htm
0001681348,VivoPower PLC,1681348,UPLOAD,2020-12-16,,0000000000-20-012107,filename1.pdf,,,https://www.sec.gov/Archives/edgar/data/1681348/000000000020012107/filename1.pdf
0001681348,VivoPower PLC,1681348,6-K,2020-12-15,2020-12-15,0001437749-20-025343,vpip20201215_6k.htm,FORM 6-K,,https://www.sec.gov/Archives/edgar/data/1681348/000143774920025343/vpip20201215_6k.htm
0001681348,VivoPower PLC,1681348,F-3,2020-12-11,,0001437749-20-025211,vpip20201207_f3.htm,FORM F-3,,https://www.sec.gov/Archives/edgar/data/1681348/000143774920025211/vpip20201207_f3.htm
0001681348,VivoPower PLC,1681348,6-K,2020-12-01,2020-12-01,0001437749-20-024614,vpip20201201_6k.htm,FORM 6-K,,https://www.sec.gov/Archives/edgar/data/1681348/000143774920024614/vpip20201201_6k.htm
0001681348,VivoPower PLC,1681348,6-K,2020-11-23,2020-11-23,0001437749-20-024348,vpip20201123b_6k.htm,FORM 6-K,,https://www.sec.gov/Archives/edgar/data/1681348/000143774920024348/vpip20201123b_6k.htm
0001681348,VivoPower PLC,1681348,6-K,2020-11-23,2020-11-23,0001437749-20-024307,vpip20201123_6k.htm,FORM 6-K,,https://www.sec.gov/Archives/edgar/data/1681348/000143774920024307/vpip20201123_6k.htm
0001681348,VivoPower PLC,1681348,6-K,2020-11-16,2020-11-16,0001437749-20-023929,vpip20201116_6k.htm,FORM 6-K,,https://www.sec.gov/Archives/edgar/data/1681348/000143774920023929/vpip20201116_6k.htm
0001681348,VivoPower PLC,1681348,6-K,2020-11-02,2020-11-02,0001437749-20-022192,vpip20201102_6k.htm,FORM 6-K,,https://www.sec.gov/Archives/edgar/data/1681348/000143774920022192/vpip20201102_6k.htm
0001681348,VivoPower PLC,1681348,6-K,2020-10-19,2020-10-19,0001437749-20-021278,vpip20201019_6k.htm,FORM 6-K,,https://www.sec.gov/Archives/edgar/data/1681348/000143774920021278/vpip20201019_6k.htm
0001681348,VivoPower PLC,1681348,424B4,2020-10-16,,0001437749-20-021239,vpip20201015_424b4.htm,FORM 424B4,,https://www.sec.gov/Archives/edgar/data/1681348/000143774920021239/vpip20201015_424b4.htm
0001681348,VivoPower PLC,1681348,6-K,2020-10-16,2020-10-16,0001437749-20-021204,vpip20201016_6k.htm,FORM 6-K,,https://www.sec.gov/Archives/edgar/data/1681348/000143774920021204/vpip20201016_6k.htm
0001681348,VivoPower PLC,1681348,6-K,2020-10-15,2020-10-14,0001437749-20-021151,vpip20201014_6k.htm,FORM 6-K,,https://www.sec.gov/Archives/edgar/data/1681348/000143774920021151/vpip20201014_6k.htm
0001681348,VivoPower PLC,1681348,EFFECT,2020-10-14,,9999999995-20-002839,xslEFFECTX01/primary_doc.xml,,"F-1,,2020-10-14 17:00:00",https://www.sec.gov/Archives/edgar/data/1681348/999999999520002839/xslEFFECTX01/primary_doc.xml
0001681348,VivoPower PLC,1681348,F-1MEF,2020-10-14,,0001437749-20-021149,vpip20201014_f1mef.htm,FORM F-1MEF,,https://www.sec.gov/Archives/edgar/data/1681348/000143774920021149/vpip20201014_f1mef.htm
0001681348,VivoPower PLC,1681348,CORRESP,2020-10-13,,0001437749-20-021091,filename1.htm,,,https://www.sec.gov/Archives/edgar/data/1681348/000143774920021091/filename1.htm
0001681348,VivoPower PLC,1681348,CORRESP,2020-10-13,,0001437749-20-021089,filename1.htm,,,https://www.sec.gov/Archives/edgar/data/1681348/000143774920021089/filename1.htm
0001681348,VivoPower PLC,1681348,F-1/A,2020-10-09,,0001437749-20-021010,vpip20200929_f1a.htm,FORM F-1/A,,https://www.sec.gov/Archives/edgar/data/1681348/000143774920021010/vpip20200929_f1a.htm
0001681348,VivoPower PLC,1681348,6-K,2020-10-09,2020-10-09,0001437749-20-020958,vpip20201009_6k.htm,FORM 6-K,,https://www.sec.gov/Archives/edgar/data/1681348/000143774920020958/vpip20201009_6k.htm
0001681348,VivoPower PLC,1681348,6-K,2020-10-06,2020-10-06,0001437749-20-020810,vpip20201006_6k.htm,FORM 6-K,,https://www.sec.gov/Archives/edgar/data/1681348/000143774920020810/vpip20201006_6k.htm
0001681348,VivoPower PLC,1681348,6-K,2020-10-06,2020-10-06,0001437749-20-020771,vpip20201005_6k.htm,FORM 6-K,,https://www.sec.gov/Archives/edgar/data/1681348/000143774920020771/vpip20201005_6k.htm
0001681348,VivoPower PLC,1681348,6-K,2020-09-28,2020-09-28,0001437749-20-020340,vpip20200928_6k.htm,FORM 6-K,,https://www.sec.gov/Archives/edgar/data/1681348/000143774920020340/vpip20200928_6k.htm
0001681348,VivoPower PLC,1681348,6-K,2020-09-21,2020-09-21,0001437749-20-019932,vpip20200920_6k.htm,FORM 6-K,,https://www.sec.gov/Archives/edgar/data/1681348/000143774920019932/vpip20200920_6k.htm
0001681348,VivoPower PLC,1681348,UPLOAD,2020-09-17,,0000000000-20-008779,filename1.pdf,,,https://www.sec.gov/Archives/edgar/data/1681348/000000000020008779/filename1.pdf
0001681348,VivoPower PLC,1681348,6-K,2020-09-15,2020-09-15,0001437749-20-019702,vpip20200915_6k.htm,FORM 6-K,,https://www.sec.gov/Archives/edgar/data/1681348/000143774920019702/vpip20200915_6k.htm
0001681348,VivoPower PLC,1681348,F-1,2020-09-11,,0001437749-20-019641,vpip20200910_f1.htm,FORM F-1,,https://www.sec.gov/Archives/edgar/data/1681348/000143774920019641/vpip20200910_f1.htm
0001681348,VivoPower PLC,1681348,6-K,2020-09-10,2020-09-10,0001437749-20-019539,vpip20200909_6k.htm,FORM 6-K,,https://www.sec.gov/Archives/edgar/data/1681348/000143774920019539/vpip20200909_6k.htm
0001681348,VivoPower PLC,1681348,20-F,2020-09-08,2020-06-30,0001437749-20-019412,vpip20200630_20f.htm,FORM 20-F,,https://www.sec.gov/Archives/edgar/data/1681348/000143774920019412/vpip20200630_20f.htm
0001681348,VivoPower PLC,1681348,6-K,2020-08-24,2020-08-24,0001437749-20-018553,vpip20200822_6k.htm,FORM 6-K,,https://www.sec.gov/Archives/edgar/data/1681348/000143774920018553/vpip20200822_6k.htm
0001681348,VivoPower PLC,1681348,6-K,2020-08-21,2020-08-21,0001437749-20-018507,vpip20200821_6k.htm,FORM 6-K,,https://www.sec.gov/Archives/edgar/data/1681348/000143774920018507/vpip20200821_6k.htm
0001681348,VivoPower PLC,1681348,6-K,2020-08-20,2020-08-20,0001437749-20-018419,vpip20200820_6k.htm,FORM 6-K,,https://www.sec.gov/Archives/edgar/data/1681348/000143774920018419/vpip20200820_6k.htm
0001681348,VivoPower PLC,1681348,6-K,2020-07-15,2020-07-15,0001437749-20-015150,vpip20200715_6k.htm,FORM 6-K,,https://www.sec.gov/Archives/edgar/data/1681348/000143774920015150/vpip20200715_6k.htm
0001681348,VivoPower PLC,1681348,6-K,2020-07-10,2020-07-10,0001437749-20-014979,vpip20200710_6k.htm,FORM 6-K,,https://www.sec.gov/Archives/edgar/data/1681348/000143774920014979/vpip20200710_6k.htm
0001681348,VivoPower PLC,1681348,6-K,2020-06-26,2020-06-25,0001437749-20-013902,vpip20200625_6k.htm,FORM 6-K,,https://www.sec.gov/Archives/edgar/data/1681348/000143774920013902/vpip20200625_6k.htm
0001681348,VivoPower PLC,1681348,6-K,2020-06-18,2020-06-18,0001437749-20-013427,vpip20200618_6k.htm,FORM 6-K,,https://www.sec.gov/Archives/edgar/data/1681348/000143774920013427/vpip20200618_6k.htm
0001681348,VivoPower PLC,1681348,6-K,2020-06-17,2020-06-17,0001437749-20-013282,vpip20200617_6k.htm,FORM 6-K,,https://www.sec.gov/Archives/edgar/data/1681348/000143774920013282/vpip20200617_6k.htm
0001681348,VivoPower PLC,1681348,6-K,2020-04-24,2020-04-24,0001437749-20-008391,vpip20200424_6k.htm,FORM 6-K,,https://www.sec.gov/Archives/edgar/data/1681348/000143774920008391/vpip20200424_6k.htm
0001681348,VivoPower PLC,1681348,6-K,2020-03-25,2020-03-25,0001437749-20-006061,vpip20200325_6k.htm,FORM 6-K,,https://www.sec.gov/Archives/edgar/data/1681348/000143774920006061/vpip20200325_6k.htm
0001681348,VivoPower PLC,1681348,6-K,2020-02-25,2020-02-25,0001437749-20-003442,vpip20200223_6k.htm,FORM 6-K,,https://www.sec.gov/Archives/edgar/data/1681348/000143774920003442/vpip20200223_6k.htm
0001681348,VivoPower PLC,1681348,6-K,2020-02-25,2020-02-25,0001437749-20-003441,vpip20200223b_6k.htm,FORM 6-K,,https://www.sec.gov/Archives/edgar/data/1681348/000143774920003441/vpip20200223b_6k.htm
0001681348,VivoPower PLC,1681348,6-K,2020-02-03,2020-02-03,0001437749-20-001523,vpip20200202_6k.htm,FORM 6-K,,https://www.sec.gov/Archives/edgar/data/1681348/000143774920001523/vpip20200202_6k.htm
0001681348,VivoPower PLC,1681348,6-K,2019-09-23,2019-09-23,0001437749-19-018905,vpip20190923_6k.htm,FORM 6-K,,https://www.sec.gov/Archives/edgar/data/1681348/000143774919018905/vpip20190923_6k.htm
0001681348,VivoPower PLC,1681348,6-K,2019-09-20,2019-09-20,0001437749-19-018826,vpip20190920_6k.htm,FORM 6-K,,https://www.sec.gov/Archives/edgar/data/1681348/000143774919018826/vpip20190920_6k.htm
0001681348,VivoPower PLC,1681348,6-K,2019-08-23,2019-08-23,0001437749-19-017370,vpip20190821_6k.htm,FORM 6-K,,https://www.sec.gov/Archives/edgar/data/1681348/000143774919017370/vpip20190821_6k.htm
0001681348,VivoPower PLC,1681348,6-K,2019-08-23,2019-08-23,0001437749-19-017369,vpip20190821b_6k.htm,FORM 6-K,,https://www.sec.gov/Archives/edgar/data/1681348/000143774919017369/vpip20190821b_6k.htm
0001681348,VivoPower PLC,1681348,20-F,2019-08-23,2019-06-30,0001437749-19-017368,vpip20200331_20f.htm,FORM 20-F,,https://www.sec.gov/Archives/edgar/data/1681348/000143774919017368/vpip20200331_20f.htm
0001681348,VivoPower PLC,1681348,6-K,2019-07-23,2019-07-23,0001437749-19-014464,vpip20190723_6k.htm,FORM 6-K,,https://www.sec.gov/Archives/edgar/data/1681348/000143774919014464/vpip20190723_6k.htm
0001681348,VivoPower PLC,1681348,20-F/A,2019-07-19,2019-03-31,0001437749-19-014288,vpip20190331_20fa.htm,FORM 20-F/A,,https://www.sec.gov/Archives/edgar/data/1681348/000143774919014288/vpip20190331_20fa.htm
0001681348,VivoPower PLC,1681348,20-F,2019-07-12,2019-03-31,0001437749-19-013884,vpip20190331_20f.htm,FORM 20-F,,https://www.sec.gov/Archives/edgar/data/1681348/000143774919013884/vpip20190331_20f.htm
0001681348,VivoPower PLC,1681348,6-K,2019-07-12,2019-07-12,0001437749-19-013883,vpip20190711_6k.htm,FORM 6-K,,https://www.sec.gov/Archives/edgar/data/1681348/000143774919013883/vpip20190711_6k.htm
0001681348,VivoPower PLC,1681348,6-K,2019-07-09,2019-07-09,0001437749-19-013691,vpip20190709_6k.htm,FORM 6-K,,https://www.sec.gov/Archives/edgar/data/1681348/000143774919013691/vpip20190709_6k.htm
0001681348,VivoPower PLC,1681348,6-K,2019-02-26,2019-02-26,0001437749-19-003333,vpip20190226_6k.htm,FORM 6-K,,https://www.sec.gov/Archives/edgar/data/1681348/000143774919003333/vpip20190226_6k.htm
0001681348,VivoPower PLC,1681348,6-K,2018-12-26,2018-12-26,0001437749-18-022564,vpip20181224_6k.htm,FORM 6-K,,https://www.sec.gov/Archives/edgar/data/1681348/000143774918022564/vpip20181224_6k.htm
0001681348,VivoPower PLC,1681348,6-K,2018-11-26,2018-11-26,0001437749-18-021282,vpip20181126_6k.htm,FORM 6-K,,https://www.sec.gov/Archives/edgar/data/1681348/000143774918021282/vpip20181126_6k.htm
0001681348,VivoPower PLC,1681348,6-K,2018-11-13,2018-11-13,0001437749-18-020438,vpip20181112b_6k.htm,FORM 6-K,,https://www.sec.gov/Archives/edgar/data/1681348/000143774918020438/vpip20181112b_6k.htm
0001681348,VivoPower PLC,1681348,6-K,2018-11-13,2018-11-13,0001437749-18-020437,vpip20181112_6k.htm,FORM 6-K,,https://www.sec.gov/Archives/edgar/data/1681348/000143774918020437/vpip20181112_6k.htm
0001681348,VivoPower PLC,1681348,6-K,2018-10-26,2018-10-26,0001437749-18-018894,vpip20181026_6k.htm,FORM 6-K,,https://www.sec.gov/Archives/edgar/data/1681348/000143774918018894/vpip20181026_6k.htm
0001681348,VivoPower PLC,1681348,S-8,2018-10-12,,0001437749-18-018250,vpip20181005_s8.htm,FORM S-8,,https://www.sec.gov/Archives/edgar/data/1681348/000143774918018250/vpip20181005_s8.htm
0001681348,VivoPower PLC,1681348,6-K,2018-08-21,2018-08-21,0001437749-18-015899,vpip20180820_6k.htm,FORM 6-K,,https://www.sec.gov/Archives/edgar/data/1681348/000143774918015899/vpip20180820_6k.htm
0001681348,VivoPower PLC,1681348,6-K,2018-07-26,2018-07-26,0001437749-18-013820,vpip20180726_6k.htm,FORM 6-K,,https://www.sec.gov/Archives/edgar/data/1681348/000143774918013820/vpip20180726_6k.htm
0001681348,VivoPower PLC,1681348,6-K,2018-07-19,2018-07-18,0001437749-18-013458,vpip20180718b_6k.htm,FORM 6-K,,https://www.sec.gov/Archives/edgar/data/1681348/000143774918013458/vpip20180718b_6k.htm
0001681348,VivoPower PLC,1681348,6-K,2018-07-18,2018-07-18,0001437749-18-013452,vpip20180718_6k.htm,FORM 6-K,,https://www.sec.gov/Archives/edgar/data/1681348/000143774918013452/vpip20180718_6k.htm
0001681348,VivoPower PLC,1681348,20-F,2018-07-18,2018-03-31,0001437749-18-013449,vpip20180331_20f.htm,FORM 20-F,,https://www.sec.gov/Archives/edgar/data/1681348/000143774918013449/vpip20180331_20f.htm
0001681348,VivoPower PLC,1681348,UPLOAD,2018-06-21,,0000000000-18-019084,filename1.pdf,,,https://www.sec.gov/Archives/edgar/data/1681348/000000000018019084/filename1.pdf
0001681348,VivoPower PLC,1681348,6-K,2018-05-29,2018-05-29,0001437749-18-010783,vpip20180528_6k.htm,FORM 6-K,,https://www.sec.gov/Archives/edgar/data/1681348/000143774918010783/vpip20180528_6k.htm
0001681348,VivoPower PLC,1681348,6-K,2018-05-07,2018-05-07,0001437749-18-008881,vpip20180507_6k.htm,FORM 6-K,,https://www.sec.gov/Archives/edgar/data/1681348/000143774918008881/vpip20180507_6k.htm
0001681348,VivoPower PLC,1681348,CORRESP,2018-05-07,,0001437749-18-008869,filename1.htm,,,https://www.sec.gov/Archives/edgar/data/1681348/000143774918008869/filename1.htm
0001681348,VivoPower PLC,1681348,UPLOAD,2018-04-24,,0000000000-18-012603,filename1.pdf,,,https://www.sec.gov/Archives/edgar/data/1681348/000000000018012603/filename1.pdf
0001681348,VivoPower PLC,1681348,CORRESP,2018-04-03,,0001437749-18-006257,filename1.htm,,,https://www.sec.gov/Archives/edgar/data/1681348/000143774918006257/filename1.htm
0001681348,VivoPower PLC,1681348,UPLOAD,2018-03-22,,0000000000-18-008707,filename1.pdf,,,https://www.sec.gov/Archives/edgar/data/1681348/000000000018008707/filename1.pdf
0001681348,VivoPower PLC,1681348,CORRESP,2018-02-28,,0001437749-18-003466,filename1.htm,,,https://www.sec.gov/Archives/edgar/data/1681348/000143774918003466/filename1.htm
0001681348,VivoPower PLC,1681348,6-K,2018-02-01,2018-01-31,0001437749-18-001430,vpip20180201_6k.htm,FORM 6-K,,https://www.sec.gov/Archives/edgar/data/1681348/000143774918001430/vpip20180201_6k.htm
0001681348,VivoPower PLC,1681348,UPLOAD,2018-01-30,,0000000000-18-003257,filename1.pdf,,,https://www.sec.gov/Archives/edgar/data/1681348/000000000018003257/filename1.pdf
0001681348,VivoPower PLC,1681348,6-K,2017-12-28,2017-12-28,0001437749-17-021245,vpip20171228_6k.htm,FORM 6-K,,https://www.sec.gov/Archives/edgar/data/1681348/000143774917021245/vpip20171228_6k.htm
0001681348,VivoPower PLC,1681348,6-K,2017-12-04,2017-12-04,0001437749-17-020096,vpip20171204_6k.htm,FORM 6-K,,https://www.sec.gov/Archives/edgar/data/1681348/000143774917020096/vpip20171204_6k.htm
0001681348,VivoPower PLC,1681348,6-K,2017-11-22,2017-11-22,0001437749-17-019710,vpip20171121b_6k.htm,FORM 6-K,,https://www.sec.gov/Archives/edgar/data/1681348/000143774917019710/vpip20171121b_6k.htm
0001681348,VivoPower PLC,1681348,6-K,2017-11-22,2017-11-22,0001437749-17-019708,vpip20171121_6k.htm,FORM 6-K,,https://www.sec.gov/Archives/edgar/data/1681348/000143774917019708/vpip20171121_6k.htm
0001681348,VivoPower PLC,1681348,6-K,2017-10-05,2017-10-05,0001437749-17-016839,vpip20171004_6k.htm,FORM 6-K,,https://www.sec.gov/Archives/edgar/data/1681348/000143774917016839/vpip20171004_6k.htm
0001681348,VivoPower PLC,1681348,6-K,2017-10-05,2017-10-05,0001437749-17-016837,vpip20171004b_6k.htm,FORM 6-K,,https://www.sec.gov/Archives/edgar/data/1681348/000143774917016837/vpip20171004b_6k.htm
0001681348,VivoPower PLC,1681348,CT ORDER,2017-09-22,,9999999997-17-008866,filename1.pdf,,"20170922,20170922",https://www.sec.gov/Archives/edgar/data/1681348/999999999717008866/filename1.pdf
0001681348,VivoPower PLC,1681348,6-K,2017-09-12,2017-09-11,0001437749-17-015839,vpip20170906_6k.htm,FORM 6-K,,https://www.sec.gov/Archives/edgar/data/1681348/000143774917015839/vpip20170906_6k.htm
0001681348,VivoPower PLC,1681348,6-K,2017-09-06,2017-09-05,0001437749-17-015595,vpip20170905_6k.htm,FORM 6-K,,https://www.sec.gov/Archives/edgar/data/1681348/000143774917015595/vpip20170905_6k.htm
0001681348,VivoPower PLC,1681348,6-K,2017-08-29,2017-08-29,0001437749-17-015398,vpip20170828_6k.htm,FORM 6-K,,https://www.sec.gov/Archives/edgar/data/1681348/000143774917015398/vpip20170828_6k.htm
0001681348,VivoPower PLC,1681348,NT 20-F,2017-08-01,2017-03-31,0001437749-17-013459,vpip20170801_nt20f.htm,FORM NT 20-F,,https://www.sec.gov/Archives/edgar/data/1681348/000143774917013459/vpip20170801_nt20f.htm
0001681348,VivoPower PLC,1681348,20-F/A,2017-08-01,2017-03-31,0001437749-17-013436,vpip20170731_20fa.htm,FORM 20-F/A,,https://www.sec.gov/Archives/edgar/data/1681348/000143774917013436/vpip20170731_20fa.htm
0001681348,VivoPower PLC,1681348,20-F,2017-08-01,2017-03-31,0001437749-17-013393,vpip20170729_20f.htm,FORM 20-F,,https://www.sec.gov/Archives/edgar/data/1681348/000143774917013393/vpip20170729_20f.htm
0001681348,VivoPower PLC,1681348,6-K,2017-07-31,2017-07-31,0001437749-17-013392,vpip20170728_6k.htm,FORM 6-K,,https://www.sec.gov/Archives/edgar/data/1681348/000143774917013392/vpip20170728_6k.htm
0001681348,VivoPower PLC,1681348,6-K,2017-06-22,2017-06-21,0001437749-17-011651,vpip20170621_6k.htm,FORM 6-K,,https://www.sec.gov/Archives/edgar/data/1681348/000143774917011651/vpip20170621_6k.htm
0001681348,VivoPower PLC,1681348,6-K,2017-06-08,2017-06-07,0001437749-17-010902,vpip20170606_6k.htm,FORM 6-K,,https://www.sec.gov/Archives/edgar/data/1681348/000143774917010902/vpip20170606_6k.htm
0001681348,VivoPower PLC,1681348,6-K,2017-05-24,2017-05-23,0001437749-17-009941,vpip20170523_6k.htm,FORM 6-K,,https://www.sec.gov/Archives/edgar/data/1681348/000143774917009941/vpip20170523_6k.htm
0001681348,VivoPower PLC,1681348,6-K,2017-05-19,2017-05-18,0001437749-17-009592,vpip20170517_6k.htm,FORM 6-K,,https://www.sec.gov/Archives/edgar/data/1681348/000143774917009592/vpip20170517_6k.htm
0001681348,VivoPower PLC,1681348,6-K,2017-04-17,2017-04-17,0001437749-17-006650,vpip20170417_6k.htm,FORM 6-K,,https://www.sec.gov/Archives/edgar/data/1681348/000143774917006650/vpip20170417_6k.htm
0001681348,VivoPower PLC,1681348,6-K,2017-03-31,2017-03-31,0001437749-17-005664,vpip20170330_6k.htm,FORM 6-K,,https://www.sec.gov/Archives/edgar/data/1681348/000143774917005664/vpip20170330_6k.htm
0001681348,VivoPower PLC,1681348,6-K,2017-03-28,2017-03-27,0001437749-17-005349,vpip20170327_6k.htm,FORM 6-K,,https://www.sec.gov/Archives/edgar/data/1681348/000143774917005349/vpip20170327_6k.htm
0001681348,VivoPower PLC,1681348,6-K,2017-03-20,2017-03-17,0001437749-17-004870,vpip20170317_6k.htm,FORM 6-K,,https://www.sec.gov/Archives/edgar/data/1681348/000143774917004870/vpip20170317_6k.htm
0001681348,VivoPower PLC,1681348,6-K,2017-03-14,2017-03-13,0001437749-17-004439,vpip20170313_6k.htm,FORM 6-K,,https://www.sec.gov/Archives/edgar/data/1681348/000143774917004439/vpip20170313_6k.htm
0001681348,VivoPower PLC,1681348,6-K,2017-03-13,2017-03-13,0001437749-17-004344,vpip20170310_6k.htm,FORM 6-K,,https://www.sec.gov/Archives/edgar/data/1681348/000143774917004344/vpip20170310_6k.htm
0001681348,VivoPower PLC,1681348,6-K,2017-03-09,2017-03-08,0001437749-17-004085,vpip20170309_6k.htm,FORM 6-K,,https://www.sec.gov/Archives/edgar/data/1681348/000143774917004085/vpip20170309_6k.htm
0001681348,VivoPower PLC,1681348,6-K,2017-03-01,2017-02-28,0001437749-17-003467,vpip20170228_6k.htm,FORM 6-K,,https://www.sec.gov/Archives/edgar/data/1681348/000143774917003467/vpip20170228_6k.htm
0001681348,VivoPower PLC,1681348,6-K,2017-02-23,2017-02-23,0001437749-17-003087,vpip20170223_6k.htm,FORM 6-K,,https://www.sec.gov/Archives/edgar/data/1681348/000143774917003087/vpip20170223_6k.htm
0001681348,VivoPower PLC,1681348,SC 13D,2017-01-31,,0001437749-17-001381,ail20170130_sc13d.htm,SCHEDULE 13D,,https://www.sec.gov/Archives/edgar/data/1681348/000143774917001381/ail20170130_sc13d.htm
0001681348,VivoPower PLC,1681348,SC 13D,2017-01-09,,0001437749-17-000400,chke20170109_sc13d.htm,SCHEDULE 13D,,https://www.sec.gov/Archives/edgar/data/1681348/000143774917000400/chke20170109_sc13d.htm
0001681348,VivoPower PLC,1681348,6-K,2016-12-29,2016-12-28,0001437749-16-043870,vpip20161228_6k.htm,FORM 6-K,,https://www.sec.gov/Archives/edgar/data/1681348/000143774916043870/vpip20161228_6k.htm
0001681348,VivoPower PLC,1681348,CERTNAS,2016-12-28,,9999999997-16-028026,9999999997-16-028026.paper,AUTO-GENERATED PAPER DOCUMENT,,https://www.sec.gov/Archives/edgar/data/1681348/999999999716028026/9999999997-16-028026.paper
0001681348,VivoPower PLC,1681348,8-A12B,2016-12-28,,0001437749-16-043827,vpip20161227_8a12b.htm,FORM 8-A12B,,https://www.sec.gov/Archives/edgar/data/1681348/000143774916043827/vpip20161227_8a12b.htm
0001681348,VivoPower PLC,1681348,EFFECT,2016-11-28,,9999999995-16-006320,xslEFFECTX01/primary_doc.xml,,"F-4,,2016-11-28 16:00:00",https://www.sec.gov/Archives/edgar/data/1681348/999999999516006320/xslEFFECTX01/primary_doc.xml
0001681348,VivoPower PLC,1681348,424B3,2016-11-28,,0001437749-16-042672,vpip20161123_424b3.htm,FORM 424B3,,https://www.sec.gov/Archives/edgar/data/1681348/000143774916042672/vpip20161123_424b3.htm
0001681348,VivoPower PLC,1681348,CORRESP,2016-11-23,,0001437749-16-042587,filename1.htm,,,https://www.sec.gov/Archives/edgar/data/1681348/000143774916042587/filename1.htm
0001681348,VivoPower PLC,1681348,F-4/A,2016-11-21,,0001437749-16-042478,vpip20161120b_f4a.htm,FORM F-4/A,,https://www.sec.gov/Archives/edgar/data/1681348/000143774916042478/vpip20161120b_f4a.htm
0001681348,VivoPower PLC,1681348,F-4/A,2016-11-16,,0001437749-16-042203,vpip20161109_f4a.htm,FORM F-4/A,,https://www.sec.gov/Archives/edgar/data/1681348/000143774916042203/vpip20161109_f4a.htm
0001681348,VivoPower PLC,1681348,CORRESP,2016-11-15,,0001437749-16-042205,filename1.htm,,,https://www.sec.gov/Archives/edgar/data/1681348/000143774916042205/filename1.htm
0001681348,VivoPower PLC,1681348,UPLOAD,2016-11-07,,0000000000-16-099955,filename1.pdf,,,https://www.sec.gov/Archives/edgar/data/1681348/000000000016099955/filename1.pdf
0001681348,VivoPower PLC,1681348,CORRESP,2016-10-25,,0001437749-16-040222,filename1.htm,,,https://www.sec.gov/Archives/edgar/data/1681348/000143774916040222/filename1.htm
0001681348,VivoPower PLC,1681348,F-4/A,2016-10-25,,0001437749-16-040205,vpip20161021_f4a.htm,FORM F-4/A,,https://www.sec.gov/Archives/edgar/data/1681348/000143774916040205/vpip20161021_f4a.htm
0001681348,VivoPower PLC,1681348,UPLOAD,2016-10-17,,0000000000-16-097327,filename1.pdf,,,https://www.sec.gov/Archives/edgar/data/1681348/000000000016097327/filename1.pdf
0001681348,VivoPower PLC,1681348,425,2016-10-11,,0001437749-16-039709,vpip20161011_425.htm,FORM 425,,https://www.sec.gov/Archives/edgar/data/1681348/000143774916039709/vpip20161011_425.htm
0001681348,VivoPower PLC,1681348,F-4/A,2016-10-03,,0001437749-16-039344,vpip20160927_f4a.htm,FORM F-4/A,,https://www.sec.gov/Archives/edgar/data/1681348/000143774916039344/vpip20160927_f4a.htm
0001681348,VivoPower PLC,1681348,CORRESP,2016-09-30,,0001437749-16-039345,filename1.htm,,,https://www.sec.gov/Archives/edgar/data/1681348/000143774916039345/filename1.htm
0001681348,VivoPower PLC,1681348,UPLOAD,2016-09-20,,0000000000-16-093638,filename1.pdf,,,https://www.sec.gov/Archives/edgar/data/1681348/000000000016093638/filename1.pdf
0001681348,VivoPower PLC,1681348,F-4,2016-08-24,,0001437749-16-038035,vpip20160802_f4.htm,FORM F-4,,https://www.sec.gov/Archives/edgar/data/1681348/000143774916038035/vpip20160802_f4.htm
0001681348,VivoPower PLC,1681348,425,2016-08-11,,0001437749-16-037190,vpip20160811b_425.htm,FORM 425,,https://www.sec.gov/Archives/edgar/data/1681348/000143774916037190/vpip20160811b_425.htm
0001681348,VivoPower PLC,1681348,425,2016-08-11,,0001437749-16-037188,vpip20160811_425.htm,FORM 425,,https://www.sec.gov/Archives/edgar/data/1681348/000143774916037188/vpip20160811_425.htm
